"","date","...1","Kigoma","Songea","Kumasi","Accra.KIA","Akuse","Ho","Takoradi","Bole","Asamankese","Mtwara","Nsawam","Axim","Akim.Oda","Akatsi","Yendi","Wenchi","Koforidua","GilgilKwetu","Tema","Dodoma","Mbeya","Tamale","Babile","Begoro","Lake Manyara","Same"
"1",1981-01-01,120,122,81,4,8,7,11,9,0,20,17,2,7,6,6,0,34,4,10,1,26,79,0,0,2,247,4
"2",1981-01-16,345,221,88,4,9,0,9,0,0,9,110,9,17,4,7,0,25,3,2,1,16,51,0,0,0,42,0
"3",1981-01-31,570,106,109,20,22,25,14,10,0,24,90,11,20,9,17,0,36,8,4,2,60,42,0,1,2,138,3
"4",1981-02-15,795,106,117,39,56,62,29,38,2,60,48,31,45,12,53,0,54,19,36,4,58,44,0,0,22,257,13
"5",1981-03-02,1020,246,38,73,75,85,64,100,69,88,28,60,71,38,69,2,65,47,101,29,1,18,8,17,50,42,4
"6",1981-03-17,1245,240,203,48,83,80,42,55,36,99,149,65,57,49,71,45,106,61,248,36,120,186,13,10,44,291,122
"7",1981-04-01,1470,136,8,10,20,18,18,39,30,26,8,27,29,19,29,4,40,5,225,5,68,47,1,4,20,365,132
"8",1981-04-16,1695,284,77,61,69,105,51,85,57,95,54,74,79,48,66,69,94,40,257,28,4,18,47,55,52,56,9
"9",1981-05-01,1920,336,21,81,132,118,135,139,56,152,46,133,141,108,149,93,127,97,181,100,8,21,60,41,131,207,6
"10",1981-05-16,2145,119,1,50,94,93,121,77,30,125,6,113,119,137,99,28,202,86,45,77,0,0,28,47,73,11,3
"11",1981-05-31,2370,37,1,38,59,61,77,50,30,79,1,62,88,121,60,19,129,57,33,58,0,0,17,42,42,0,1
"12",1981-06-15,2595,1,0,49,90,99,99,113,49,124,0,85,110,116,77,63,136,88,52,88,0,0,58,54,60,8,0
"13",1981-06-30,2820,0,0,64,85,97,82,78,66,123,0,103,114,59,94,75,71,62,113,40,0,0,79,70,81,2,0
"14",1981-07-15,3045,0,0,39,35,47,20,36,63,52,2,36,50,16,41,139,23,21,139,26,0,0,167,86,43,1,0
"15",1981-07-30,3270,3,1,21,27,25,13,45,49,53,0,32,33,30,31,144,31,15,65,4,0,0,140,88,27,0,0
"16",1981-08-14,3495,53,0,12,17,18,17,42,68,24,1,17,26,11,20,82,62,8,78,6,0,0,83,88,24,5,0
"17",1981-08-29,3720,33,2,30,50,58,51,47,45,69,2,80,123,26,69,62,42,20,97,15,0,0,50,80,55,3,1
"18",1981-09-13,3945,3,0,49,75,73,56,97,75,130,1,105,104,15,89,112,43,34,112,13,0,0,94,51,69,6,24
"19",1981-09-28,4170,80,6,57,65,91,51,90,22,99,0,71,73,17,70,41,44,31,124,11,3,3,21,17,53,46,6
"20",1981-10-13,4395,153,24,40,69,96,72,51,10,120,8,64,104,48,77,8,80,39,71,27,0,8,0,13,47,26,9
"21",1981-10-28,4620,64,39,36,50,74,55,30,0,73,6,52,58,29,32,0,54,38,59,16,0,11,0,0,12,63,1
"22",1981-11-12,4845,65,0,1,17,12,10,2,0,20,21,7,13,11,10,0,29,12,45,8,0,0,0,0,2,20,2
"23",1981-11-27,5070,222,110,11,29,20,25,1,0,35,81,20,27,17,20,0,40,24,40,15,51,72,0,0,3,115,13
"24",1981-12-12,5295,292,37,8,24,16,18,1,0,34,59,19,26,28,16,0,48,24,107,16,18,55,0,0,1,340,25
"25",1981-12-27,5520,68,88,5,21,11,24,1,0,35,65,17,21,13,15,0,32,18,11,12,61,74,0,0,5,238,7
"26",1982-01-11,5745,76,95,23,52,29,47,15,0,52,38,32,50,36,48,0,90,27,52,17,65,89,0,0,18,280,4
"27",1982-01-26,5970,105,81,2,16,11,8,0,0,22,72,10,14,9,14,0,31,9,2,6,76,40,0,0,4,258,2
"28",1982-02-10,6195,81,90,55,60,115,38,79,52,85,13,49,68,26,76,71,69,28,28,24,79,35,50,52,50,440,9
"29",1982-02-25,6420,169,158,52,63,48,53,21,17,64,96,49,77,29,49,15,69,38,4,29,26,82,37,23,23,94,3
"30",1982-03-12,6645,201,86,115,122,87,102,128,61,118,94,101,139,54,96,39,88,83,3,52,41,79,31,56,62,84,4
"31",1982-03-27,6870,344,113,56,85,91,80,114,64,101,123,84,101,44,86,29,70,50,84,32,23,75,51,21,62,120,14
"32",1982-04-11,7095,263,58,53,69,84,74,72,82,98,55,98,90,58,83,51,93,46,250,34,21,130,58,83,78,178,10
"33",1982-04-26,7320,427,64,60,87,92,84,117,58,106,30,83,97,90,79,57,107,74,336,65,7,60,52,30,65,144,18
"34",1982-05-11,7545,277,4,35,66,74,71,57,29,100,26,68,78,76,67,22,104,55,114,36,0,17,32,19,50,46,8
"35",1982-05-26,7770,89,6,53,90,112,110,65,37,136,1,110,103,130,101,28,155,86,82,68,0,0,32,64,91,23,0
"36",1982-06-10,7995,11,6,39,54,87,50,39,21,80,26,76,69,90,72,49,110,67,57,54,11,1,30,28,57,2,9
"37",1982-06-25,8220,17,3,65,92,116,72,58,34,156,9,108,124,96,110,77,106,75,42,42,0,0,41,33,99,0,3
"38",1982-07-10,8445,5,5,48,51,83,35,57,67,95,8,61,79,27,68,67,65,25,70,8,0,0,40,73,75,1,3
"39",1982-07-25,8670,1,3,12,13,27,7,24,56,26,2,15,17,1,20,49,12,5,53,0,0,0,37,81,21,0,2
"40",1982-08-09,8895,1,5,14,26,13,7,26,32,30,2,26,32,5,34,77,10,14,87,6,0,0,50,97,28,0,0
"41",1982-08-24,9120,7,7,16,34,24,10,51,56,47,1,56,50,1,69,125,23,3,112,0,0,0,80,99,76,0,0
"42",1982-09-08,9345,15,4,18,19,32,2,41,51,44,2,30,28,5,38,59,15,4,82,2,0,0,76,54,38,29,1
"43",1982-09-23,9570,91,36,27,35,47,28,82,40,63,22,54,63,6,54,71,23,7,48,6,0,3,64,33,56,4,6
"44",1982-10-08,9795,200,7,31,60,73,45,69,21,91,62,68,88,38,58,33,76,41,162,19,0,2,19,31,45,107,10
"45",1982-10-23,10020,169,47,41,56,76,43,62,42,88,8,61,83,79,65,26,99,34,122,22,1,52,36,32,41,371,5
"46",1982-11-07,10245,248,114,15,33,34,22,25,0,56,65,38,46,22,30,0,43,20,135,10,6,99,0,0,9,362,24
"47",1982-11-22,10470,126,154,2,9,6,5,0,0,13,65,9,6,15,7,0,34,8,123,4,104,213,0,0,0,265,110
"48",1982-12-07,10695,132,50,2,10,10,4,3,0,14,42,3,15,7,4,0,15,6,54,5,12,73,0,0,0,474,3
"49",1982-12-22,10920,105,114,8,23,7,14,27,0,21,296,11,16,16,17,0,37,14,7,6,128,99,0,0,4,574,0
"50",1983-01-06,11145,148,107,0,0,0,0,0,0,0,172,0,0,0,0,0,0,0,14,0,29,125,0,0,0,464,19
"51",1983-01-21,11370,120,68,0,0,0,0,0,0,0,26,0,0,0,0,0,0,0,25,0,37,50,0,0,0,349,3
"52",1983-02-05,11595,62,67,7,13,17,1,23,21,25,78,6,8,4,11,0,17,1,71,0,68,41,0,12,3,111,21
"53",1983-02-20,11820,218,118,7,11,22,5,5,1,13,86,6,15,7,7,0,21,5,0,1,31,59,0,0,0,195,1
"54",1983-03-07,12045,176,94,2,12,14,5,4,0,11,67,8,8,2,14,0,10,3,48,1,19,111,0,0,5,134,1
"55",1983-03-22,12270,320,121,43,39,47,20,80,25,53,108,30,28,27,44,72,70,12,26,3,7,84,64,10,31,72,8
"56",1983-04-06,12495,390,75,40,28,39,8,32,33,39,102,30,31,9,44,21,35,8,26,4,9,30,12,17,29,77,4
"57",1983-04-21,12720,318,33,45,29,52,12,70,60,43,71,37,25,28,36,35,60,11,165,11,1,7,35,51,28,84,15
"58",1983-05-06,12945,181,16,50,43,55,28,54,59,53,51,42,48,63,53,26,89,21,61,19,0,0,40,32,37,6,13
"59",1983-05-21,13170,76,14,37,79,97,78,39,27,126,46,88,82,98,82,57,127,44,20,38,2,0,31,33,54,0,4
"60",1983-06-05,13395,12,6,53,73,105,73,84,29,124,2,113,124,92,98,48,114,51,29,47,0,0,48,39,92,0,0
"61",1983-06-20,13620,1,8,31,35,50,30,28,30,57,13,47,34,39,37,30,41,32,93,39,0,0,16,27,30,12,3
"62",1983-07-05,13845,0,2,26,30,42,22,50,53,45,2,41,49,13,39,80,33,14,32,11,0,0,112,62,40,0,0
"63",1983-07-20,14070,35,3,11,15,29,8,21,27,33,7,13,21,5,19,65,21,2,75,0,0,0,39,19,12,0,2
"64",1983-08-04,14295,91,3,5,7,10,11,21,31,16,0,6,15,5,11,75,12,4,57,1,0,2,39,34,10,0,1
"65",1983-08-19,14520,0,1,8,5,11,4,44,49,23,0,13,21,8,15,67,8,4,116,0,0,0,51,34,18,0,0
"66",1983-09-03,14745,2,1,26,51,64,36,77,71,83,2,64,107,26,59,89,41,24,119,16,0,0,88,82,50,1,0
"67",1983-09-18,14970,4,1,50,80,114,49,66,69,131,7,120,152,18,85,82,55,27,143,3,0,0,83,63,54,5,1
"68",1983-10-03,15195,79,1,15,27,31,11,10,3,40,3,26,30,6,28,9,26,5,259,0,0,0,1,0,11,43,0
"69",1983-10-18,15420,85,24,15,48,50,39,42,17,91,12,54,73,14,49,2,37,18,140,8,1,38,1,5,24,30,3
"70",1983-11-02,15645,35,1,14,25,54,41,31,3,60,3,30,40,41,22,0,48,25,107,18,0,0,0,0,9,29,1
"71",1983-11-17,15870,84,26,17,42,31,39,35,0,51,24,30,41,38,32,0,50,33,92,15,9,77,1,0,13,676,7
"72",1983-12-02,16095,118,77,40,56,39,77,79,7,74,35,52,66,55,47,8,90,44,58,26,43,57,7,0,24,291,4
"73",1983-12-17,16320,72,101,10,28,17,27,28,4,34,231,29,34,19,25,0,26,19,141,10,118,78,0,0,12,350,87
"74",1984-01-01,16545,101,78,3,27,17,13,0,0,29,127,11,17,6,22,0,31,6,7,1,87,48,0,0,1,580,18
"75",1984-01-16,16770,72,36,0,3,4,5,0,0,5,146,2,4,2,2,0,12,1,3,1,103,73,0,0,0,172,14
"76",1984-01-31,16995,73,69,0,9,7,5,0,0,13,46,1,11,1,3,0,14,5,1,3,75,30,0,0,0,225,4
"77",1984-02-15,17220,68,126,46,57,50,21,12,0,57,70,26,38,18,37,0,55,27,3,9,34,54,0,0,10,138,6
"78",1984-03-01,17445,217,78,94,71,85,83,129,58,84,87,80,100,51,72,67,83,48,5,42,27,87,69,28,43,86,5
"79",1984-03-16,17670,203,120,24,62,63,55,49,33,78,158,40,52,48,61,36,72,36,7,28,4,51,28,8,41,46,4
"80",1984-03-31,17895,270,68,34,30,57,19,54,34,53,71,32,31,34,34,8,75,16,16,12,47,97,17,28,29,331,29
"81",1984-04-15,18120,273,25,69,49,51,49,121,72,76,44,48,55,59,54,58,108,33,296,31,29,44,42,35,49,160,40
"82",1984-04-30,18345,117,8,58,47,92,39,96,51,83,11,51,54,92,51,23,130,33,40,31,1,2,29,45,42,13,4
"83",1984-05-15,18570,31,8,26,68,67,76,99,49,97,23,69,73,96,73,53,111,58,0,46,1,1,33,51,54,0,4
"84",1984-05-30,18795,22,1,54,82,96,85,93,89,105,18,109,117,98,85,50,154,55,5,50,0,0,77,113,60,0,0
"85",1984-06-14,19020,57,8,62,86,113,72,74,69,116,16,91,101,84,105,51,140,47,41,39,0,0,41,56,79,2,4
"86",1984-06-29,19245,3,17,109,88,106,150,125,67,119,3,122,168,92,101,44,139,67,21,85,0,0,47,66,94,0,0
"87",1984-07-14,19470,2,4,63,113,116,61,112,64,137,2,113,113,55,118,70,109,50,74,22,0,0,53,69,81,3,0
"88",1984-07-29,19695,0,2,71,73,102,70,98,55,111,1,86,133,22,96,105,132,21,92,13,0,0,70,60,92,0,0
"89",1984-08-13,19920,3,1,46,70,84,25,79,76,122,1,100,131,8,105,105,49,18,72,0,0,0,66,43,101,0,1
"90",1984-08-28,20145,9,2,47,33,68,25,73,42,57,2,50,58,10,53,98,26,11,107,6,0,0,57,51,52,3,0
"91",1984-09-12,20370,2,1,92,108,123,90,125,84,145,2,110,119,17,126,113,63,47,28,12,0,0,79,75,108,0,1
"92",1984-09-27,20595,100,0,37,85,76,78,96,103,131,4,99,139,24,91,102,59,46,86,17,0,2,84,66,71,51,4
"93",1984-10-12,20820,146,12,74,67,91,56,90,39,121,5,69,83,24,82,15,70,33,93,18,1,0,5,18,80,13,8
"94",1984-10-27,21045,334,16,22,50,75,42,36,9,79,54,47,52,41,43,0,69,30,96,17,6,0,0,1,16,51,20
"95",1984-11-11,21270,173,90,56,49,49,41,72,43,71,8,44,44,37,51,11,74,33,124,26,10,113,14,37,41,500,10
"96",1984-11-26,21495,80,78,24,39,24,24,21,0,54,60,16,17,22,16,0,70,31,143,19,67,58,0,0,2,404,21
"97",1984-12-11,21720,260,81,0,5,4,11,0,0,5,80,9,8,0,3,0,9,2,60,1,42,101,0,0,0,265,16
"98",1984-12-26,21945,202,128,29,25,32,24,23,1,34,76,20,30,12,24,0,28,17,6,11,15,97,0,0,16,106,11
"99",1985-01-10,22170,109,35,31,39,42,36,66,0,61,11,36,43,23,37,5,67,16,17,5,24,45,2,0,15,106,0
"100",1985-01-25,22395,60,121,5,28,41,9,13,0,50,42,26,35,17,20,0,48,13,93,5,119,124,0,0,9,373,44
"101",1985-02-09,22620,49,48,8,9,13,9,4,0,11,97,3,10,1,3,0,16,4,7,0,81,100,0,0,0,166,92
"102",1985-02-24,22845,90,83,47,56,57,29,69,8,70,87,34,42,28,59,3,61,15,6,10,67,55,4,0,33,638,6
"103",1985-03-11,23070,219,38,59,113,98,88,90,47,133,107,116,104,68,111,22,99,84,67,63,12,78,27,12,77,157,9
"104",1985-03-26,23295,346,131,38,55,55,42,109,32,70,142,60,67,32,49,46,57,34,556,26,59,146,53,18,48,543,23
"105",1985-04-10,23520,388,34,63,54,40,43,98,33,57,42,49,75,10,61,12,39,20,178,11,12,13,31,19,45,390,8
"106",1985-04-25,23745,329,41,79,65,90,64,127,105,88,48,71,74,83,71,42,129,52,217,50,4,24,33,47,61,69,36
"107",1985-05-10,23970,233,9,30,61,77,63,67,54,90,19,64,67,83,56,28,96,48,280,49,0,4,35,48,40,48,4
"108",1985-05-25,24195,27,0,35,63,81,59,55,23,89,0,65,85,61,67,29,81,43,71,33,0,0,23,20,47,1,0
"109",1985-06-09,24420,6,0,64,77,93,88,32,18,104,2,86,96,72,77,31,98,53,62,56,0,0,51,27,47,7,0
"110",1985-06-24,24645,14,9,64,125,126,108,113,73,168,10,123,167,95,121,47,138,77,17,53,0,0,42,40,85,1,2
"111",1985-07-09,24870,1,0,65,80,85,54,97,121,114,3,89,113,61,94,109,68,39,97,21,0,0,84,161,75,0,1
"112",1985-07-24,25095,4,1,61,74,77,61,122,88,109,0,92,122,19,91,94,44,29,89,8,0,0,112,78,71,0,0
"113",1985-08-08,25320,0,2,54,65,52,35,98,94,97,2,89,89,8,81,128,55,16,60,4,0,0,127,77,72,0,0
"114",1985-08-23,25545,12,0,53,69,74,54,82,141,104,0,100,122,29,95,171,49,22,110,10,0,0,177,128,66,1,0
"115",1985-09-07,25770,13,2,61,74,114,47,99,108,108,4,114,120,45,102,95,103,35,73,18,0,0,119,92,101,1,0
"116",1985-09-22,25995,21,4,66,102,97,72,93,50,138,3,110,126,66,102,66,111,48,26,29,0,0,45,48,78,5,0
"117",1985-10-07,26220,35,2,49,78,83,53,88,30,110,4,83,85,22,72,35,57,36,16,18,0,5,20,4,38,12,3
"118",1985-10-22,26445,242,1,46,59,75,66,64,28,90,49,55,74,29,55,18,59,43,59,24,0,0,23,9,38,54,1
"119",1985-11-06,26670,156,67,47,84,80,83,52,16,98,15,84,98,48,81,3,86,63,153,41,23,75,6,12,53,140,1
"120",1985-11-21,26895,255,85,26,26,33,42,28,4,44,49,39,33,24,23,4,46,23,80,15,22,81,4,0,16,167,3
"121",1985-12-06,27120,422,73,7,11,17,10,6,0,16,120,22,24,5,21,0,13,5,2,5,21,36,0,0,17,185,7
"122",1985-12-21,27345,255,62,0,5,4,2,0,0,8,48,1,4,4,2,0,19,2,11,0,66,146,0,0,0,531,1
"123",1986-01-05,27570,81,115,0,0,0,2,0,0,0,216,0,0,1,0,0,4,0,23,0,71,63,0,0,0,219,75
"124",1986-01-20,27795,341,132,32,12,18,2,12,1,18,65,10,7,8,7,0,16,8,1,1,10,73,0,0,2,198,5
"125",1986-02-04,28020,95,101,80,78,65,47,60,2,104,33,50,60,13,78,7,71,30,1,13,83,41,10,0,33,208,0
"126",1986-02-19,28245,154,58,40,69,87,28,42,9,109,25,45,50,32,59,8,79,35,18,25,4,40,5,4,24,63,3
"127",1986-03-06,28470,84,116,75,70,117,52,126,43,99,79,80,66,38,87,47,91,37,105,18,35,99,35,15,64,238,10
"128",1986-03-21,28695,309,79,55,63,86,61,93,15,92,136,63,99,40,59,31,83,38,69,24,25,76,20,5,41,117,13
"129",1986-04-05,28920,294,77,40,21,30,12,99,56,29,188,23,27,27,29,42,50,12,194,7,10,53,69,40,26,105,73
"130",1986-04-20,29145,330,27,47,44,71,45,56,67,88,48,46,64,41,48,55,70,33,304,17,3,11,55,38,43,320,6
"131",1986-05-05,29370,228,10,70,65,101,72,115,72,114,10,75,87,92,80,35,117,47,88,50,2,18,69,34,59,98,5
"132",1986-05-20,29595,217,9,51,81,101,93,81,70,111,28,87,95,135,92,38,135,69,79,63,0,0,51,76,71,19,42
"133",1986-06-04,29820,52,0,39,59,86,55,43,50,112,1,47,54,83,64,30,110,50,93,47,0,0,50,54,58,2,0
"134",1986-06-19,30045,0,0,21,29,40,38,52,47,53,4,38,46,78,39,32,79,33,90,34,0,0,51,40,47,0,1
"135",1986-07-04,30270,0,0,40,74,95,41,40,27,103,1,65,80,55,80,61,68,42,136,19,0,0,42,44,65,0,0
"136",1986-07-19,30495,0,0,41,16,21,14,62,123,22,1,15,23,7,16,78,20,9,107,3,0,0,95,227,14,0,0
"137",1986-08-03,30720,1,0,31,13,26,18,59,55,27,0,20,29,1,27,74,8,2,83,1,0,0,63,73,28,0,0
"138",1986-08-18,30945,1,0,32,24,52,11,162,128,59,3,29,44,9,35,162,34,9,76,3,0,0,130,80,39,0,3
"139",1986-09-02,31170,15,2,47,60,71,41,114,97,85,0,66,111,12,83,111,36,19,54,6,0,0,95,118,76,0,0
"140",1986-09-17,31395,20,0,94,59,104,35,104,72,92,2,66,85,12,73,92,38,30,25,14,0,0,93,76,70,0,0
"141",1986-10-02,31620,103,12,24,63,75,18,41,28,109,15,51,72,12,59,31,31,30,49,11,0,0,12,6,30,30,1
"142",1986-10-17,31845,198,23,56,118,74,78,79,59,129,25,140,115,57,113,67,76,98,164,51,3,64,48,53,95,114,3
"143",1986-11-01,32070,273,97,23,32,54,29,60,29,63,23,35,45,25,31,10,41,21,160,7,7,44,17,15,23,184,5
"144",1986-11-16,32295,454,61,40,46,26,25,14,0,52,106,32,46,21,45,0,51,21,74,3,7,59,0,0,21,68,13
"145",1986-12-01,32520,185,127,2,14,9,6,1,0,15,75,8,9,11,8,0,27,8,138,5,85,106,0,0,1,871,49
"146",1986-12-16,32745,186,179,0,0,0,0,0,0,0,342,0,0,3,0,0,15,0,21,0,67,178,0,0,0,546,11
"147",1986-12-31,32970,111,128,6,14,3,12,2,0,20,159,10,14,3,8,0,34,5,35,3,100,73,0,0,0,977,28
"148",1987-01-15,33195,90,62,10,15,18,6,37,1,30,36,12,18,12,12,0,23,5,5,1,70,40,0,0,2,720,0
"149",1987-01-30,33420,121,123,31,49,39,18,24,0,45,40,22,34,6,41,2,51,15,15,2,72,76,0,0,13,473,17
"150",1987-02-14,33645,165,71,28,67,57,47,69,9,78,37,66,72,14,64,0,65,28,13,13,10,58,1,1,32,326,1
"151",1987-03-01,33870,148,100,24,56,53,35,59,15,76,68,38,46,41,45,36,90,32,48,17,61,84,38,8,23,305,16
"152",1987-03-16,34095,157,137,72,61,71,67,132,28,76,57,70,95,25,65,35,68,38,42,24,51,78,57,32,51,268,7
"153",1987-03-31,34320,199,80,21,39,54,35,49,19,59,103,28,38,30,45,14,62,20,115,15,28,120,12,6,31,294,25
"154",1987-04-15,34545,281,23,41,39,54,37,60,20,65,4,24,39,23,27,4,37,21,25,14,22,61,9,0,8,329,30
"155",1987-04-30,34770,303,15,21,42,66,45,37,40,56,18,58,55,60,45,22,91,35,199,35,8,25,42,25,34,85,19
"156",1987-05-15,34995,265,12,41,67,62,51,57,59,84,19,58,60,99,50,44,132,57,310,56,1,2,37,36,25,33,40
"157",1987-05-30,35220,14,0,45,63,53,42,72,52,75,3,56,66,104,54,53,123,86,163,134,0,0,49,57,40,32,6
"158",1987-06-14,35445,3,0,32,69,83,52,40,21,87,0,67,83,79,77,38,152,50,25,47,0,0,22,34,56,0,0
"159",1987-06-29,35670,0,0,27,44,69,24,48,15,77,3,49,47,55,46,46,100,26,57,13,0,0,24,20,30,2,0
"160",1987-07-14,35895,2,1,82,79,107,59,125,58,149,2,97,114,50,83,46,91,42,20,25,0,0,34,51,70,0,2
"161",1987-07-29,36120,1,2,84,85,127,84,94,79,134,0,117,137,74,111,107,138,50,19,29,0,0,118,82,114,0,3
"162",1987-08-13,36345,18,6,71,158,183,113,96,110,161,8,245,172,56,188,135,97,134,154,171,0,1,125,125,224,2,15
"163",1987-08-28,36570,0,4,114,188,172,90,108,109,237,3,139,184,53,162,122,68,228,5,68,0,0,102,60,134,0,1
"164",1987-09-12,36795,27,1,82,149,128,109,152,73,211,1,117,152,142,152,94,165,100,3,66,0,0,89,81,116,8,0
"165",1987-09-27,37020,116,1,109,203,179,114,101,96,245,5,200,155,175,222,81,115,160,20,137,0,7,51,45,192,2,0
"166",1987-10-12,37245,123,12,58,58,90,56,81,48,114,4,58,85,39,66,32,66,29,1,21,1,19,23,24,40,13,3
"167",1987-10-27,37470,44,14,52,62,74,58,41,8,95,4,67,72,47,51,0,80,44,110,28,0,20,1,2,22,210,0
"168",1987-11-11,37695,138,35,23,26,20,25,28,3,38,33,9,24,24,21,0,41,24,138,18,5,26,0,1,4,104,3
"169",1987-11-26,37920,160,30,15,38,26,37,23,2,37,17,35,40,44,33,0,65,28,27,17,45,36,0,0,14,86,1
"170",1987-12-11,38145,158,47,2,9,5,8,0,0,13,16,5,8,10,5,0,18,8,0,4,12,37,0,0,1,78,5
"171",1987-12-26,38370,138,74,1,6,6,2,0,0,13,28,4,5,10,5,0,27,4,35,1,1,95,0,0,2,101,1
"172",1988-01-10,38595,124,122,1,10,2,5,0,0,12,54,3,4,0,2,0,15,5,37,2,95,125,0,0,0,1044,18
"173",1988-01-25,38820,99,66,29,50,37,34,44,8,69,106,29,58,17,43,3,52,25,1,10,59,23,2,0,31,134,0
"174",1988-02-09,39045,121,76,23,35,31,36,5,0,42,31,25,35,13,28,11,31,21,1,13,3,43,2,0,17,43,0
"175",1988-02-24,39270,130,35,82,70,78,74,137,61,79,43,65,78,41,67,41,80,45,58,22,0,48,32,16,51,119,1
"176",1988-03-10,39495,155,137,86,33,63,16,132,32,48,56,35,44,16,34,2,44,15,111,3,85,139,10,5,24,215,50
"177",1988-03-25,39720,229,75,61,43,77,27,83,24,74,31,37,43,39,34,77,79,29,84,14,25,66,43,22,21,405,17
"178",1988-04-09,39945,387,20,58,76,104,66,65,59,117,42,63,83,84,67,67,124,61,853,45,1,11,46,50,48,215,6
"179",1988-04-24,40170,319,19,54,96,93,83,81,52,115,21,90,115,87,86,21,119,64,189,58,7,20,27,36,67,181,3
"180",1988-05-09,40395,129,7,35,46,69,56,36,44,75,3,64,62,88,46,24,126,49,110,53,0,0,18,23,39,32,0
"181",1988-05-24,40620,79,7,87,100,129,119,110,98,124,9,92,130,164,85,73,198,108,20,103,0,0,79,72,72,0,3
"182",1988-06-08,40845,20,2,64,96,113,72,79,75,143,6,98,97,135,94,51,171,71,60,58,0,0,49,47,66,0,2
"183",1988-06-23,41070,12,1,55,47,68,62,89,71,101,2,47,66,63,53,76,100,46,59,42,0,0,63,80,50,0,1
"184",1988-07-08,41295,0,2,61,69,102,67,91,161,101,0,70,123,53,81,137,60,57,117,44,0,0,114,117,82,0,0
"185",1988-07-23,41520,1,2,35,28,31,19,27,68,37,5,28,42,10,38,75,7,15,72,9,0,0,70,79,42,0,0
"186",1988-08-07,41745,0,1,19,32,38,13,47,84,41,0,35,48,14,39,107,24,13,74,7,0,0,119,74,44,1,0
"187",1988-08-22,41970,24,1,59,44,60,18,69,119,62,4,52,66,22,56,212,51,21,69,11,0,1,136,185,50,1,2
"188",1988-09-06,42195,26,0,132,197,149,343,123,94,196,6,246,247,47,217,121,91,98,51,92,0,0,120,119,159,1,5
"189",1988-09-21,42420,57,0,66,57,84,58,82,79,103,2,83,102,41,72,130,57,36,229,19,0,0,96,125,71,5,0
"190",1988-10-06,42645,103,7,77,100,130,97,103,30,141,12,91,106,37,113,56,83,46,36,26,0,16,18,2,66,25,0
"191",1988-10-21,42870,60,7,40,63,104,90,61,17,109,38,77,91,48,77,8,74,38,143,28,0,0,0,0,55,17,2
"192",1988-11-05,43095,213,66,7,54,57,72,26,0,87,13,49,65,36,42,0,70,42,162,27,0,77,0,0,15,93,8
"193",1988-11-20,43320,208,58,22,51,58,74,60,53,83,10,38,79,50,37,35,76,51,57,39,2,53,29,23,17,206,3
"194",1988-12-05,43545,244,77,20,58,43,70,43,4,53,70,55,73,90,39,0,121,55,62,49,1,79,0,0,27,49,3
"195",1988-12-20,43770,161,156,1,3,1,0,0,0,4,99,1,1,3,2,0,10,1,73,0,61,173,0,0,0,274,20
"196",1989-01-04,43995,68,57,0,0,0,0,0,0,0,230,0,0,0,0,0,2,0,90,0,107,63,0,0,0,199,69
"197",1989-01-19,44220,58,111,0,0,0,3,0,0,2,175,0,0,1,0,0,15,1,22,0,54,43,0,0,0,413,37
"198",1989-02-03,44445,162,73,3,0,2,1,0,0,2,50,0,4,3,0,0,14,0,125,0,86,66,0,0,0,662,7
"199",1989-02-18,44670,60,42,5,12,9,7,3,2,12,14,7,5,6,8,0,26,4,37,1,32,29,0,0,2,105,0
"200",1989-03-05,44895,239,117,55,49,72,65,148,52,82,95,43,70,53,60,62,87,31,16,30,33,64,62,33,45,148,11
"201",1989-03-20,45120,125,223,64,44,62,29,91,38,64,146,32,50,18,45,12,50,25,169,9,40,155,22,10,31,411,27
"202",1989-04-04,45345,280,150,53,55,49,45,74,69,72,149,54,52,52,56,22,102,34,112,27,60,141,39,27,42,379,60
"203",1989-04-19,45570,153,35,78,88,97,96,101,54,139,50,110,107,95,103,39,135,64,153,58,7,6,36,35,107,18,17
"204",1989-05-04,45795,444,37,62,76,128,118,56,30,109,54,63,97,127,63,25,151,72,246,64,5,24,31,13,53,105,20
"205",1989-05-19,46020,86,20,34,62,88,91,58,69,85,26,61,87,78,64,28,97,58,15,44,0,1,22,37,47,4,4
"206",1989-06-03,46245,18,6,56,136,128,175,97,32,147,7,132,106,212,96,20,178,196,72,209,0,0,27,47,67,13,0
"207",1989-06-18,46470,11,3,135,92,149,99,94,90,123,11,95,124,136,101,129,150,91,5,100,0,0,158,150,88,0,0
"208",1989-07-03,46695,0,1,60,58,71,74,114,63,75,0,75,105,51,69,58,63,51,138,46,0,0,54,88,64,0,0
"209",1989-07-18,46920,1,3,35,45,58,43,70,95,68,1,45,71,12,54,117,20,31,23,19,0,0,117,77,65,0,0
"210",1989-08-02,47145,1,3,21,35,22,27,46,99,36,1,41,65,10,36,91,25,19,74,9,0,0,96,84,36,0,1
"211",1989-08-17,47370,4,0,124,85,75,53,125,97,122,2,88,119,14,104,130,33,34,80,12,0,0,163,106,80,2,0
"212",1989-09-01,47595,28,1,76,58,80,30,171,116,75,3,83,100,69,81,156,76,33,55,18,0,0,129,96,82,12,0
"213",1989-09-16,47820,3,1,72,72,99,53,128,70,118,3,98,125,9,97,89,37,33,159,14,0,0,63,42,82,13,0
"214",1989-10-01,48045,36,1,63,104,104,104,115,59,141,5,126,127,32,102,76,77,58,110,39,0,3,47,42,89,19,9
"215",1989-10-16,48270,208,0,50,61,76,49,57,15,90,5,64,73,17,72,15,62,21,91,10,9,0,16,5,38,13,5
"216",1989-10-31,48495,53,3,14,23,50,29,9,1,53,2,30,32,26,22,1,42,22,65,9,0,4,0,0,9,32,7
"217",1989-11-15,48720,344,76,12,21,21,18,21,0,36,15,18,19,15,19,0,30,15,237,7,14,80,0,0,6,70,11
"218",1989-11-30,48945,275,52,20,32,28,25,13,0,38,45,23,32,26,33,0,37,24,180,16,33,99,0,0,12,310,5
"219",1989-12-15,49170,60,129,8,22,15,26,11,21,34,158,25,24,21,20,25,42,13,34,4,113,59,17,10,9,400,33
"220",1989-12-30,49395,89,94,45,31,28,20,42,38,32,112,16,34,16,27,37,49,11,77,2,60,63,3,18,8,153,54
"221",1990-01-14,49620,270,46,16,19,15,9,24,3,21,14,18,22,7,20,0,24,10,5,3,13,23,0,0,10,80,1
"222",1990-01-29,49845,222,90,7,5,5,2,8,0,8,23,5,4,0,4,0,14,0,21,0,12,49,0,0,3,104,3
"223",1990-02-13,50070,99,123,28,17,31,21,45,8,24,128,22,28,18,14,2,27,8,125,8,108,63,0,0,4,172,50
"224",1990-02-28,50295,81,98,0,12,11,5,0,0,23,54,1,4,0,7,0,19,5,114,1,89,111,0,0,1,597,104
"225",1990-03-15,50520,316,72,17,16,11,10,1,0,29,57,8,14,5,10,0,27,4,184,3,4,61,0,0,1,142,7
"226",1990-03-30,50745,213,159,46,33,51,24,66,37,53,114,35,39,30,42,22,64,16,178,11,74,127,30,19,32,188,100
"227",1990-04-14,50970,162,50,38,35,57,20,65,61,53,56,43,52,47,49,41,71,21,130,17,5,46,32,71,42,134,20
"228",1990-04-29,51195,357,48,48,49,89,60,95,48,93,91,65,81,97,56,64,133,36,97,32,8,42,66,24,50,99,7
"229",1990-05-14,51420,156,2,30,56,64,44,40,33,71,1,49,56,78,52,24,100,50,187,43,0,0,23,13,31,11,1
"230",1990-05-29,51645,59,2,23,50,72,46,45,28,74,6,57,58,51,47,24,78,36,57,22,0,0,25,30,29,0,1
"231",1990-06-13,51870,7,0,50,90,81,75,92,69,141,0,78,88,126,97,56,141,74,14,61,0,0,41,41,77,0,0
"232",1990-06-28,52095,0,0,67,18,75,22,19,32,43,0,26,48,40,22,24,50,17,69,15,0,0,11,25,22,0,0
"233",1990-07-13,52320,0,4,44,53,56,37,74,73,58,7,57,89,29,69,96,42,31,66,19,0,0,97,69,54,0,0
"234",1990-07-28,52545,1,4,27,29,37,15,49,108,55,2,28,61,4,29,101,27,12,96,1,0,0,77,118,28,0,0
"235",1990-08-12,52770,0,0,20,27,23,32,49,53,43,3,53,69,4,42,65,14,4,97,2,0,0,38,36,30,0,0
"236",1990-08-27,52995,6,1,39,54,46,29,92,71,65,0,80,85,12,84,88,130,15,70,17,0,0,95,62,75,8,0
"237",1990-09-11,53220,14,2,73,56,115,26,123,97,107,1,74,67,9,76,90,30,19,60,9,0,0,112,80,73,13,2
"238",1990-09-26,53445,155,1,48,59,80,42,99,51,120,4,96,82,17,80,53,58,23,14,5,1,0,42,40,62,9,19
"239",1990-10-11,53670,21,0,46,64,89,76,71,21,95,0,98,94,35,69,17,71,51,349,38,0,0,6,3,58,17,0
"240",1990-10-26,53895,165,0,12,47,54,45,30,8,71,1,56,55,28,46,1,52,37,377,27,2,6,0,3,23,114,4
"241",1990-11-10,54120,314,19,55,41,67,58,85,42,72,75,63,76,39,46,17,71,33,90,22,8,1,15,4,33,35,10
"242",1990-11-25,54345,85,52,5,28,37,27,11,3,43,13,42,27,31,27,0,54,28,71,19,4,59,0,0,14,252,4
"243",1990-12-10,54570,158,16,75,59,75,82,120,35,71,25,72,81,60,69,20,89,51,81,52,0,65,28,10,51,177,8
"244",1990-12-25,54795,132,174,0,0,0,0,0,0,0,96,0,0,0,0,0,5,0,98,0,68,105,0,0,0,293,7
"245",1991-01-09,55020,179,131,9,36,20,17,10,0,46,50,20,22,15,28,0,51,29,1,17,10,101,0,0,10,79,0
"246",1991-01-24,55245,118,154,7,25,26,38,3,0,44,49,16,25,21,21,0,55,20,29,13,118,78,0,0,8,282,31
"247",1991-02-08,55470,60,70,38,60,62,49,52,8,83,13,47,57,32,46,13,85,39,2,17,56,23,14,8,24,175,0
"248",1991-02-23,55695,160,107,40,64,62,30,72,18,85,105,41,36,23,56,40,67,38,1,12,16,78,26,4,42,61,0
"249",1991-03-10,55920,127,62,93,66,87,42,139,50,110,41,69,64,14,76,35,55,32,34,15,0,25,38,23,53,49,0
"250",1991-03-25,56145,247,321,44,51,56,48,73,45,74,266,49,60,31,38,14,60,41,446,27,110,207,24,6,35,330,58
"251",1991-04-09,56370,423,75,62,49,52,32,112,50,60,100,46,38,32,56,46,55,28,140,21,30,83,30,54,40,238,8
"252",1991-04-24,56595,192,7,33,44,56,33,92,52,61,31,43,42,53,43,43,85,33,410,28,0,3,53,29,26,23,6
"253",1991-05-09,56820,419,36,65,89,85,79,97,65,119,90,119,133,144,91,99,153,81,307,73,3,34,60,49,77,39,22
"254",1991-05-24,57045,188,3,53,78,74,66,87,76,97,0,66,94,82,82,100,112,66,49,69,0,2,89,80,58,21,5
"255",1991-06-08,57270,41,0,33,51,67,75,47,42,78,1,63,83,41,66,49,62,41,45,44,0,0,34,20,49,7,0
"256",1991-06-23,57495,1,2,65,80,61,74,74,78,105,1,66,73,99,80,66,122,99,63,73,0,0,52,60,70,1,3
"257",1991-07-08,57720,12,1,66,74,86,77,85,74,107,4,77,119,71,83,121,98,65,84,48,0,0,75,88,82,0,0
"258",1991-07-23,57945,8,3,23,38,40,36,53,51,54,1,49,64,17,37,89,38,21,96,6,0,1,66,38,35,1,1
"259",1991-08-07,58170,5,0,43,73,63,41,70,88,102,2,73,97,8,87,142,23,34,89,18,0,0,97,112,76,3,8
"260",1991-08-22,58395,0,0,151,59,73,38,96,99,82,0,80,84,8,76,101,26,30,69,9,0,0,110,80,76,0,0
"261",1991-09-06,58620,4,1,39,69,70,41,113,114,91,4,84,81,86,79,74,158,28,62,14,0,0,80,55,54,1,0
"262",1991-09-21,58845,79,13,32,36,39,33,57,51,54,11,53,64,12,42,79,42,16,30,5,0,7,82,66,47,0,1
"263",1991-10-06,59070,138,11,65,51,71,46,82,50,63,2,69,103,13,68,43,36,31,146,24,0,58,51,37,59,107,2
"264",1991-10-21,59295,66,12,21,47,65,54,18,22,81,9,42,59,17,41,10,47,25,70,18,0,26,3,10,30,89,0
"265",1991-11-05,59520,123,41,35,34,48,41,35,0,64,27,32,46,15,29,0,42,24,48,13,0,14,0,2,13,10,2
"266",1991-11-20,59745,181,101,18,33,46,31,33,6,76,29,44,55,28,31,0,56,22,98,15,5,15,0,0,12,102,4
"267",1991-12-05,59970,165,103,6,7,13,2,10,0,12,64,3,3,7,4,0,21,5,57,1,40,27,0,0,1,192,36
"268",1991-12-20,60195,111,165,0,3,1,3,0,0,7,165,2,5,13,1,0,31,5,16,2,78,94,0,0,0,147,107
"269",1992-01-04,60420,177,56,0,0,0,0,0,0,0,34,0,0,0,0,0,0,0,3,0,24,80,0,0,0,49,1
"270",1992-01-19,60645,141,40,7,8,7,6,7,0,11,9,2,3,3,2,1,15,6,1,3,1,59,0,0,0,24,0
"271",1992-02-03,60870,43,72,21,7,12,1,22,1,13,105,3,10,0,6,0,12,4,14,0,76,41,0,0,3,186,15
"272",1992-02-18,61095,105,94,10,3,8,3,14,4,4,47,2,6,3,2,5,14,1,1,0,37,40,9,0,1,217,0
"273",1992-03-04,61320,123,87,47,59,65,34,42,3,79,52,34,50,24,46,0,66,32,3,14,27,36,0,0,21,61,3
"274",1992-03-19,61545,287,46,27,37,65,30,41,22,56,132,22,27,26,32,13,68,24,34,17,22,11,19,1,18,70,8
"275",1992-04-03,61770,399,77,57,47,74,45,110,35,86,102,40,68,36,57,22,67,27,128,18,49,113,60,12,55,168,54
"276",1992-04-18,61995,343,43,29,25,54,26,67,60,55,60,23,34,50,30,18,68,15,205,15,4,15,14,52,22,146,22
"277",1992-05-03,62220,187,47,51,64,79,58,58,58,97,39,78,91,78,72,39,91,47,39,39,9,45,24,41,58,43,2
"278",1992-05-18,62445,88,5,53,70,118,47,81,32,113,6,86,83,91,75,63,120,42,23,29,0,2,37,36,49,4,53
"279",1992-06-02,62670,85,6,38,76,71,69,57,74,98,5,90,97,149,67,62,237,56,130,58,0,0,50,41,49,4,3
"280",1992-06-17,62895,64,2,22,20,42,12,44,8,46,6,37,55,6,23,39,19,7,90,4,0,0,10,25,22,1,0
"281",1992-07-02,63120,0,0,37,50,55,22,55,63,69,9,54,78,14,72,96,36,19,98,7,0,0,94,80,72,0,1
"282",1992-07-17,63345,0,0,26,71,64,20,33,56,101,0,90,66,28,82,89,56,27,85,11,0,0,64,52,58,0,1
"283",1992-08-01,63570,0,0,12,15,18,7,20,40,29,2,18,23,5,20,84,22,6,61,3,0,0,53,79,23,0,0
"284",1992-08-16,63795,0,0,21,19,19,9,35,59,29,1,23,27,11,28,88,20,11,70,3,0,0,66,93,27,0,0
"285",1992-08-31,64020,1,0,46,56,49,53,67,86,63,1,112,103,57,66,138,94,47,130,92,0,0,137,104,69,0,0
"286",1992-09-15,64245,5,1,55,116,126,72,122,98,137,1,100,167,57,103,89,98,69,21,31,0,0,87,56,80,4,0
"287",1992-09-30,64470,16,0,61,60,68,54,97,61,105,3,65,94,25,70,63,51,28,161,15,0,0,37,22,52,6,0
"288",1992-10-15,64695,25,0,29,64,62,62,38,9,112,7,56,68,32,67,15,67,33,90,18,0,2,5,10,41,18,0
"289",1992-10-30,64920,87,0,38,35,60,52,113,61,63,6,49,56,64,46,47,88,30,122,32,0,0,57,23,38,34,3
"290",1992-11-14,65145,115,75,29,19,31,16,0,0,46,42,11,27,15,14,0,23,12,47,7,87,56,0,0,6,274,10
"291",1992-11-29,65370,233,22,9,18,16,12,0,0,28,24,9,13,6,11,0,27,8,88,7,3,34,0,0,0,109,5
"292",1992-12-14,65595,271,97,2,18,11,4,1,0,30,28,12,20,11,16,0,30,14,51,8,56,103,0,0,9,982,18
"293",1992-12-29,65820,293,29,1,13,9,8,2,0,19,32,5,13,7,12,0,29,7,30,5,57,17,0,0,2,125,22
"294",1993-01-13,66045,78,99,0,0,0,0,0,0,0,289,0,0,2,0,0,4,0,97,0,71,123,0,0,0,298,54
"295",1993-01-28,66270,118,110,21,7,14,3,12,0,16,131,4,9,8,7,0,28,4,115,1,43,49,0,0,5,159,21
"296",1993-02-12,66495,185,62,34,38,51,21,55,15,84,59,22,26,21,31,8,49,22,19,7,60,38,10,10,11,205,4
"297",1993-02-27,66720,44,85,46,35,53,21,69,57,53,143,43,58,26,49,36,47,22,0,14,34,28,19,22,45,129,1
"298",1993-03-14,66945,247,184,28,29,35,16,59,18,33,107,34,33,15,42,12,38,11,1,4,34,80,8,5,32,130,9
"299",1993-03-29,67170,341,69,33,48,63,21,61,25,54,52,38,36,20,48,28,67,18,15,10,0,36,4,3,25,31,1
"300",1993-04-13,67395,396,58,51,51,98,33,75,64,107,136,70,69,53,69,28,100,30,77,25,0,12,30,24,57,32,8
"301",1993-04-28,67620,288,34,68,33,66,30,129,38,60,31,39,47,58,36,22,73,25,164,22,1,16,12,25,34,90,3
"302",1993-05-13,67845,149,5,52,64,80,70,56,35,95,26,70,100,70,72,19,90,43,35,39,0,0,21,28,54,27,14
"303",1993-05-28,68070,3,1,59,42,103,59,73,43,70,1,44,66,59,51,38,76,43,112,43,0,0,46,30,43,1,0
"304",1993-06-12,68295,4,3,102,138,117,71,62,12,164,3,113,92,123,122,32,139,117,25,117,0,0,23,21,76,0,0
"305",1993-06-27,68520,0,1,61,61,68,58,62,41,110,5,90,117,34,74,62,60,26,31,20,0,0,53,37,65,0,0
"306",1993-07-12,68745,0,1,30,36,45,15,38,63,60,6,48,54,4,52,133,21,13,39,5,0,0,88,85,47,0,0
"307",1993-07-27,68970,4,2,41,45,59,37,58,69,76,1,65,98,11,62,108,34,14,69,3,0,0,73,42,57,0,0
"308",1993-08-11,69195,2,0,49,54,76,45,78,108,99,3,77,93,10,83,163,28,16,81,9,0,0,126,134,78,0,0
"309",1993-08-26,69420,1,4,76,62,79,41,115,110,99,1,78,92,27,74,180,75,28,69,6,0,0,138,101,79,1,2
"310",1993-09-10,69645,1,0,153,100,98,101,179,129,177,1,141,157,25,117,110,76,49,46,25,0,0,107,75,96,0,0
"311",1993-09-25,69870,13,1,73,100,116,67,137,70,134,3,99,129,46,84,78,94,66,49,30,0,0,57,34,57,6,6
"312",1993-10-10,70095,10,0,31,44,67,37,91,37,79,1,68,59,25,50,22,61,22,39,11,0,0,14,25,37,0,0
"313",1993-10-25,70320,166,16,18,28,38,29,33,6,51,11,27,37,30,29,6,50,27,82,19,0,21,6,1,11,58,2
"314",1993-11-09,70545,81,17,37,62,61,58,69,30,93,37,81,61,45,59,6,64,45,35,30,0,15,5,9,33,11,0
"315",1993-11-24,70770,129,2,64,81,126,85,93,27,113,5,102,96,48,78,18,72,55,94,33,1,1,14,1,51,110,5
"316",1993-12-09,70995,83,18,0,23,7,7,0,0,29,19,6,9,7,9,0,28,14,54,5,0,6,0,0,0,34,2
"317",1993-12-24,71220,38,59,9,3,4,4,3,0,6,58,2,1,3,2,0,13,3,5,1,44,47,0,0,0,108,0
"318",1994-01-08,71445,115,127,27,67,42,38,19,10,98,99,62,54,25,52,1,74,40,0,22,55,37,0,4,23,402,2
"319",1994-01-23,71670,77,44,2,34,20,33,8,0,52,19,12,31,18,18,0,41,26,0,9,62,26,0,0,3,128,0
"320",1994-02-07,71895,35,84,8,32,28,28,7,1,40,59,30,35,13,26,0,38,21,47,9,92,22,0,0,7,179,50
"321",1994-02-22,72120,105,191,28,47,50,17,39,3,63,83,30,32,16,49,0,63,17,18,7,85,103,1,3,23,204,40
"322",1994-03-09,72345,101,132,25,38,65,32,43,23,79,50,44,40,37,39,18,67,29,0,21,34,86,4,20,27,505,13
"323",1994-03-24,72570,167,89,67,42,46,32,71,33,49,48,42,52,29,55,14,43,16,61,9,15,84,25,20,39,119,13
"324",1994-04-08,72795,369,57,39,22,35,7,65,26,30,48,29,25,21,31,24,40,7,89,4,3,41,17,30,27,132,5
"325",1994-04-23,73020,468,8,49,81,80,63,95,60,118,41,82,80,67,75,55,90,56,234,54,1,6,54,38,50,79,38
"326",1994-05-08,73245,175,27,50,55,74,36,92,50,89,36,61,61,56,62,10,87,32,78,28,0,1,10,39,46,6,30
"327",1994-05-23,73470,42,0,59,79,100,76,81,74,113,0,76,109,93,85,30,113,64,60,63,0,0,28,25,68,11,1
"328",1994-06-07,73695,0,0,35,89,82,71,26,16,110,1,72,83,76,82,16,93,91,151,71,0,0,13,19,67,0,0
"329",1994-06-22,73920,20,5,52,125,78,173,67,47,97,5,173,137,65,112,47,106,187,59,215,0,0,44,50,124,2,13
"330",1994-07-07,74145,1,2,24,62,52,32,59,67,87,0,64,109,26,68,75,45,25,97,9,0,0,52,39,47,0,1
"331",1994-07-22,74370,0,0,20,23,23,12,23,71,30,0,28,34,9,31,65,25,16,60,7,0,0,69,73,36,0,1
"332",1994-08-06,74595,0,2,16,25,25,10,53,76,41,4,25,31,4,31,143,13,6,123,2,0,0,121,141,23,0,1
"333",1994-08-21,74820,0,0,69,106,109,54,129,109,180,0,87,116,25,132,124,44,52,48,22,0,0,102,114,103,0,0
"334",1994-09-05,75045,36,1,29,31,38,14,56,123,40,1,52,51,6,54,145,19,11,85,2,0,10,197,60,89,0,0
"335",1994-09-20,75270,15,5,65,110,94,106,87,66,170,5,148,168,27,132,94,185,58,16,26,0,1,84,55,131,6,3
"336",1994-10-05,75495,100,5,80,138,105,105,107,57,173,18,138,148,88,148,83,155,85,157,62,1,1,73,39,106,6,2
"337",1994-10-20,75720,250,6,44,83,83,81,86,50,130,15,84,104,55,85,58,89,55,227,41,0,1,44,27,59,49,5
"338",1994-11-04,75945,165,26,54,54,64,61,59,1,82,11,52,59,27,48,0,47,41,527,35,0,17,0,0,28,233,10
"339",1994-11-19,76170,80,53,9,11,10,8,4,0,11,16,4,4,10,3,0,26,14,121,7,0,37,0,0,0,392,2
"340",1994-12-04,76395,386,100,0,1,0,1,0,0,5,49,1,3,3,0,0,16,2,65,0,11,103,0,0,0,549,30
"341",1994-12-19,76620,280,48,0,1,2,8,0,0,5,65,4,12,7,2,0,14,1,4,0,24,91,0,0,1,96,41
"342",1995-01-03,76845,117,110,0,5,1,6,0,0,5,80,1,8,4,5,0,9,1,25,2,42,36,0,0,1,146,5
"343",1995-01-18,77070,76,67,0,11,5,5,0,0,9,70,0,2,0,0,0,13,11,3,0,49,26,0,0,0,481,0
"344",1995-02-02,77295,58,80,1,15,5,30,0,0,9,89,8,28,7,4,0,25,14,87,8,76,41,0,0,1,140,104
"345",1995-02-17,77520,128,151,13,15,36,18,28,4,32,99,10,21,14,11,0,34,10,33,7,128,103,0,0,8,293,35
"346",1995-03-04,77745,155,220,61,66,74,21,94,23,81,100,61,49,35,66,22,96,33,127,18,38,121,17,28,39,411,16
"347",1995-03-19,77970,281,81,49,33,64,18,63,37,55,55,46,67,17,44,16,41,12,25,10,2,62,34,8,32,70,4
"348",1995-04-03,78195,424,53,40,38,64,23,81,87,58,28,45,44,20,57,39,43,9,127,6,3,40,57,45,37,31,3
"349",1995-04-18,78420,380,39,84,85,129,114,134,62,123,101,85,135,64,111,47,107,55,215,65,6,38,56,47,98,138,20
"350",1995-05-03,78645,189,6,51,46,64,51,73,62,64,21,54,70,34,51,52,67,29,366,26,1,0,50,38,38,103,21
"351",1995-05-18,78870,169,12,38,98,77,63,70,38,117,53,90,93,89,88,25,116,65,48,55,10,2,20,24,55,18,46
"352",1995-06-02,79095,52,0,63,121,111,135,67,69,137,0,122,141,155,117,24,213,113,30,110,0,0,30,69,86,2,0
"353",1995-06-17,79320,0,0,38,52,49,80,41,69,67,0,73,87,61,60,42,53,52,89,64,0,0,56,36,52,0,0
"354",1995-07-02,79545,0,0,77,77,89,93,118,117,103,0,87,102,52,96,89,76,51,92,48,0,0,99,75,83,0,0
"355",1995-07-17,79770,0,1,55,65,82,43,69,90,103,0,83,119,21,81,85,45,24,31,13,0,0,99,70,73,0,0
"356",1995-08-01,79995,0,4,61,32,65,25,76,106,52,12,54,84,17,49,121,28,13,38,3,0,0,111,93,63,0,1
"357",1995-08-16,80220,1,2,113,111,99,101,131,123,142,3,132,165,27,146,98,62,42,24,26,0,0,90,91,123,1,7
"358",1995-08-31,80445,5,1,50,86,63,46,88,70,115,1,100,89,10,121,92,35,31,66,8,0,0,93,52,97,0,0
"359",1995-09-15,80670,8,1,45,61,70,39,106,121,86,1,63,86,11,61,88,45,27,47,8,0,0,95,79,51,1,0
"360",1995-09-30,80895,12,0,33,31,42,22,75,58,46,6,34,55,1,35,85,18,12,62,8,0,1,70,42,32,6,0
"361",1995-10-15,81120,85,0,72,59,93,35,87,32,90,11,63,67,26,56,21,57,26,89,9,0,0,15,16,37,26,13
"362",1995-10-30,81345,54,1,26,50,77,38,56,31,84,6,57,60,30,52,31,57,29,68,16,0,0,10,4,30,8,3
"363",1995-11-14,81570,23,1,1,10,6,3,0,0,13,0,2,6,4,3,0,17,6,154,2,0,1,0,0,0,50,2
"364",1995-11-29,81795,59,12,26,32,45,18,54,15,45,7,25,29,23,30,4,39,12,5,10,0,3,0,0,9,26,3
"365",1995-12-14,82020,76,109,31,17,20,16,61,9,38,35,30,27,24,21,18,44,13,67,9,96,53,24,1,17,365,6
"366",1995-12-29,82245,95,108,9,11,12,3,12,0,19,80,2,3,7,7,0,23,2,19,1,74,61,0,0,0,422,20
"367",1996-01-13,82470,140,39,13,19,23,8,27,5,32,58,4,19,10,11,0,35,12,21,3,16,52,0,0,2,105,1
"368",1996-01-28,82695,93,107,17,31,25,18,22,1,26,113,19,31,9,25,0,38,15,0,6,71,42,0,0,16,345,5
"369",1996-02-12,82920,48,118,29,22,30,13,83,27,39,152,25,23,11,30,14,36,9,54,6,69,62,16,1,29,223,39
"370",1996-02-27,83145,218,57,64,55,100,35,91,35,95,26,80,73,37,74,9,97,26,10,16,3,45,18,19,61,29,1
"371",1996-03-13,83370,361,176,49,44,73,30,77,23,89,89,38,54,13,51,2,54,25,60,20,80,109,4,19,36,611,8
"372",1996-03-28,83595,312,140,37,24,33,22,97,46,44,51,30,32,22,33,22,50,19,55,15,51,135,23,12,25,348,22
"373",1996-04-12,83820,198,30,58,86,99,72,85,52,132,65,49,68,38,101,44,101,56,26,53,1,32,41,40,76,36,13
"374",1996-04-27,84045,124,6,64,58,81,43,63,31,100,16,58,53,45,71,5,71,36,22,31,1,1,12,23,59,3,2
"375",1996-05-12,84270,200,76,15,66,46,56,28,19,84,50,55,60,47,61,20,76,41,71,31,2,2,16,43,35,18,31
"376",1996-05-27,84495,22,3,52,125,129,105,68,66,145,5,94,112,181,101,88,213,131,71,130,0,0,76,55,71,0,0
"377",1996-06-11,84720,0,0,36,78,99,75,44,34,103,2,90,67,90,96,20,119,64,59,67,0,0,8,11,74,0,0
"378",1996-06-26,84945,2,1,66,106,117,102,66,69,146,6,116,125,127,117,61,166,89,26,78,0,0,47,50,90,0,0
"379",1996-07-11,85170,0,1,51,36,66,31,65,16,76,0,42,50,62,42,26,82,40,40,38,0,0,17,16,39,0,1
"380",1996-07-26,85395,0,0,19,34,27,31,53,52,47,3,44,49,18,41,74,24,20,33,17,0,0,90,60,44,0,0
"381",1996-08-10,85620,0,0,40,61,66,36,82,132,78,1,64,77,26,64,159,55,36,54,14,0,0,169,100,62,1,1
"382",1996-08-25,85845,17,3,71,64,62,53,157,220,78,1,69,81,14,72,131,36,30,102,18,0,0,128,134,90,0,1
"383",1996-09-09,86070,2,0,26,28,49,15,51,45,52,4,44,48,1,52,78,18,10,321,10,0,0,72,61,49,0,0
"384",1996-09-24,86295,49,0,57,53,56,38,83,58,85,10,58,80,6,65,84,38,19,76,12,0,10,54,30,58,8,0
"385",1996-10-09,86520,18,3,28,16,30,7,52,34,41,0,24,39,3,29,59,23,4,1,1,0,2,29,54,31,5,3
"386",1996-10-24,86745,15,0,5,6,18,9,15,2,21,2,6,19,1,6,1,28,1,64,1,5,0,0,0,1,7,2
"387",1996-11-08,86970,103,2,0,17,14,14,0,0,23,15,5,11,14,10,0,36,13,90,7,0,10,0,0,0,27,1
"388",1996-11-23,87195,60,31,8,41,47,59,28,0,61,5,35,59,36,47,0,74,18,113,13,1,15,0,0,17,126,3
"389",1996-12-08,87420,61,97,5,8,3,4,11,0,11,19,3,6,3,6,0,20,5,13,1,50,38,0,0,1,197,0
"390",1996-12-23,87645,174,7,3,15,18,4,5,0,14,2,5,8,10,13,0,25,6,7,2,0,16,0,0,4,31,0
"391",1997-01-07,87870,45,90,12,43,35,18,43,0,60,11,42,50,9,63,2,41,8,0,3,22,101,0,0,33,155,0
"392",1997-01-22,88095,53,66,1,7,7,5,1,0,7,3,4,6,0,6,0,14,1,0,0,61,20,0,0,0,121,0
"393",1997-02-06,88320,84,64,0,0,0,2,0,0,1,11,0,0,2,0,0,9,1,0,1,79,9,0,0,0,187,0
"394",1997-02-21,88545,127,67,32,19,52,5,14,1,30,29,12,17,5,33,1,27,3,0,4,4,19,0,0,28,17,0
"395",1997-03-08,88770,189,91,27,84,28,48,44,11,96,80,61,70,28,74,4,93,33,1,21,2,29,4,0,29,1,0
"396",1997-03-23,88995,364,75,55,46,79,38,90,73,76,84,71,57,53,57,55,100,35,173,35,29,53,66,47,56,258,15
"397",1997-04-07,89220,368,63,78,66,66,44,53,64,79,62,58,58,44,72,16,73,45,104,28,32,89,21,36,63,128,61
"398",1997-04-22,89445,319,11,59,58,109,66,86,51,104,6,71,82,74,64,52,80,43,461,44,3,14,71,31,63,130,23
"399",1997-05-07,89670,70,0,33,55,47,47,60,84,76,1,42,59,57,57,34,82,31,46,21,11,0,27,71,34,77,6
"400",1997-05-22,89895,45,4,37,89,101,107,70,44,138,12,97,109,102,87,57,120,64,1,63,0,0,49,43,55,3,12
"401",1997-06-06,90120,14,8,50,130,96,164,70,101,131,22,119,129,105,116,66,118,178,74,203,0,0,52,65,91,2,7
"402",1997-06-21,90345,2,3,22,70,52,34,34,30,85,5,57,54,75,60,28,79,61,69,44,0,0,38,32,41,0,0
"403",1997-07-06,90570,7,3,20,16,17,7,31,25,18,12,12,28,6,17,42,10,4,18,1,0,0,38,39,9,0,5
"404",1997-07-21,90795,0,0,83,94,95,101,128,43,127,0,101,131,28,110,84,67,68,81,72,0,0,74,90,99,0,0
"405",1997-08-05,91020,0,1,9,11,12,7,43,47,20,4,18,31,0,25,75,10,0,44,0,0,0,75,73,24,0,0
"406",1997-08-20,91245,0,0,37,45,37,31,70,100,64,0,73,84,3,69,174,19,13,54,9,0,0,129,72,59,1,0
"407",1997-09-04,91470,14,1,44,60,56,49,89,111,81,3,68,108,3,86,110,22,17,0,4,0,0,112,128,67,1,0
"408",1997-09-19,91695,2,1,36,51,52,40,70,48,76,6,48,73,8,56,63,43,17,12,5,0,0,50,41,36,0,0
"409",1997-10-04,91920,125,28,39,47,56,45,112,72,72,9,49,61,18,51,54,38,27,297,19,0,7,50,53,44,13,25
"410",1997-10-19,92145,369,25,43,49,71,59,87,48,92,20,67,67,43,49,20,88,35,972,30,15,0,4,20,30,36,67
"411",1997-11-03,92370,129,11,36,31,21,28,59,27,42,16,28,46,19,26,6,47,22,379,13,43,37,6,10,16,288,38
"412",1997-11-18,92595,266,62,14,35,40,47,42,3,44,65,32,39,44,41,0,60,25,228,17,47,118,0,0,27,433,20
"413",1997-12-03,92820,194,202,24,62,50,45,3,0,69,183,33,44,40,38,0,71,54,184,33,108,183,0,0,21,849,28
"414",1997-12-18,93045,156,161,7,8,12,3,4,0,16,107,3,8,11,8,0,27,4,323,5,56,126,0,0,0,694,38
"415",1998-01-02,93270,302,176,1,5,7,4,3,0,11,220,3,3,8,4,0,24,5,222,2,85,141,0,0,2,641,102
"416",1998-01-17,93495,230,116,1,6,4,1,6,0,6,113,0,4,1,5,0,12,0,125,0,81,126,0,0,0,510,9
"417",1998-02-01,93720,95,138,16,31,31,20,30,13,31,54,24,30,11,35,5,33,15,91,9,96,105,10,0,27,203,103
"418",1998-02-16,93945,126,108,0,4,1,5,0,0,2,133,3,2,2,3,0,17,1,32,0,46,54,0,0,0,82,42
"419",1998-03-03,94170,216,120,42,24,33,27,48,0,32,33,22,41,9,25,2,45,10,30,5,36,53,0,0,20,117,6
"420",1998-03-18,94395,361,112,12,41,42,28,14,2,53,114,33,34,12,32,2,57,17,97,7,21,98,1,3,5,117,8
"421",1998-04-02,94620,319,97,62,40,40,12,59,32,51,106,29,29,13,52,13,57,14,120,10,69,223,22,9,44,442,26
"422",1998-04-17,94845,249,5,91,58,66,49,121,64,75,63,78,78,61,82,49,97,24,90,19,6,8,46,77,91,36,64
"423",1998-05-02,95070,153,25,25,51,66,45,34,38,83,20,54,63,40,68,25,77,16,294,19,5,16,33,19,50,202,100
"424",1998-05-17,95295,7,0,36,44,56,33,92,60,67,1,56,69,35,58,33,71,10,52,15,0,0,37,24,38,7,1
"425",1998-06-01,95520,15,0,56,69,74,47,81,68,98,1,82,85,63,83,68,106,39,49,35,0,0,94,69,67,36,2
"426",1998-06-16,95745,1,0,35,48,48,37,47,27,57,5,44,62,24,42,24,46,24,98,20,0,0,19,22,29,2,0
"427",1998-07-01,95970,0,1,35,41,59,14,55,62,57,1,42,42,13,50,54,35,11,61,4,0,0,59,51,53,0,0
"428",1998-07-16,96195,0,0,21,29,46,10,34,108,44,4,45,41,12,32,105,17,14,61,5,0,0,118,55,36,0,1
"429",1998-07-31,96420,2,1,34,25,31,19,48,63,48,0,24,38,8,30,134,31,12,47,6,0,0,103,120,25,0,0
"430",1998-08-15,96645,0,0,19,7,8,5,48,76,14,0,11,9,1,8,87,10,0,71,2,0,0,124,117,11,0,0
"431",1998-08-30,96870,5,9,47,36,44,21,60,61,53,3,48,59,6,51,70,19,13,12,6,0,0,70,62,53,2,1
"432",1998-09-14,97095,8,6,86,87,63,69,152,129,103,8,108,127,15,100,152,32,20,35,12,0,0,92,95,72,0,0
"433",1998-09-29,97320,6,0,51,67,83,60,72,50,97,8,90,89,52,69,68,57,41,67,30,0,0,47,35,58,0,0
"434",1998-10-14,97545,32,3,72,52,74,48,91,45,80,7,65,76,39,50,54,65,35,66,19,0,7,54,20,40,15,3
"435",1998-10-29,97770,26,8,29,28,36,31,33,0,56,2,19,36,19,19,0,45,13,112,7,0,5,0,0,6,33,2
"436",1998-11-13,97995,91,1,42,37,49,30,23,3,54,18,28,37,27,29,0,36,24,47,22,0,22,0,0,10,11,4
"437",1998-11-28,98220,135,32,18,33,22,19,27,0,48,18,13,21,37,28,0,55,20,38,19,0,25,0,0,5,11,2
"438",1998-12-13,98445,67,0,0,4,6,5,0,0,15,3,1,4,4,1,0,22,3,17,5,0,2,0,0,0,69,0
"439",1998-12-28,98670,80,37,13,59,27,26,13,0,51,51,17,38,24,53,0,53,16,47,18,16,45,0,0,11,102,1
"440",1999-01-12,98895,151,159,4,45,29,10,12,3,41,79,17,31,15,33,1,52,13,1,8,71,70,1,2,1,210,17
"441",1999-01-27,99120,72,52,23,50,39,36,49,0,42,31,25,33,8,46,0,41,12,0,7,1,22,0,0,14,16,0
"442",1999-02-11,99345,107,65,30,62,29,35,80,25,45,90,48,59,20,76,30,41,21,0,23,1,18,17,3,45,37,1
"443",1999-02-26,99570,144,219,58,46,63,32,68,9,55,101,54,50,30,54,11,81,19,70,12,77,156,1,0,41,475,9
"444",1999-03-13,99795,167,142,20,74,45,53,33,36,78,107,58,53,28,77,1,52,29,279,26,58,135,9,2,36,295,44
"445",1999-03-28,100020,498,234,50,24,27,21,104,63,32,136,17,19,18,20,32,50,13,74,16,13,165,46,8,14,371,13
"446",1999-04-12,100245,211,29,51,35,53,21,67,55,35,37,37,32,30,49,53,55,17,35,26,4,14,57,40,39,55,4
"447",1999-04-27,100470,279,44,47,57,51,45,94,40,70,48,49,49,47,64,64,67,39,87,44,0,17,49,43,39,22,23
"448",1999-05-12,100695,127,0,62,89,79,112,77,58,103,10,70,90,89,70,61,133,125,14,116,0,0,108,53,59,5,21
"449",1999-05-27,100920,9,2,70,86,78,100,65,48,108,21,87,111,78,81,80,120,75,1,77,0,0,46,43,67,0,5
"450",1999-06-11,101145,1,2,72,101,94,130,93,67,116,2,95,98,136,97,26,156,87,21,93,0,0,27,42,77,0,0
"451",1999-06-26,101370,0,0,80,94,97,104,107,51,94,5,95,105,151,84,81,172,96,5,119,0,0,103,71,62,0,3
"452",1999-07-11,101595,0,0,27,41,52,29,53,87,64,10,50,61,18,48,162,29,20,50,8,0,0,149,81,42,0,0
"453",1999-07-26,101820,5,3,17,23,10,14,13,27,29,0,21,22,7,30,67,13,5,74,2,0,0,66,79,18,0,0
"454",1999-08-10,102045,4,4,64,69,64,41,83,91,82,5,76,110,16,76,98,37,31,75,17,0,0,116,88,79,0,1
"455",1999-08-25,102270,15,4,133,80,86,65,119,195,107,1,83,99,18,97,154,39,65,96,47,0,0,161,188,112,2,0
"456",1999-09-09,102495,7,3,52,57,73,47,88,86,75,17,92,111,9,71,110,32,21,14,8,0,1,77,106,68,0,1
"457",1999-09-24,102720,45,3,57,55,58,63,65,55,83,4,73,111,12,86,121,30,24,37,17,0,0,86,69,82,1,1
"458",1999-10-09,102945,69,1,37,53,58,51,88,49,88,6,55,93,12,63,70,49,23,79,15,0,0,47,29,47,1,1
"459",1999-10-24,103170,14,1,54,42,48,41,87,16,69,3,40,54,19,44,33,49,21,116,11,0,0,5,1,30,5,2
"460",1999-11-08,103395,232,45,49,45,42,33,45,7,61,36,27,58,16,33,5,39,28,75,14,0,9,5,0,10,13,1
"461",1999-11-23,103620,190,3,8,17,27,22,12,1,26,12,19,24,19,12,0,43,16,161,13,2,2,0,0,4,117,6
"462",1999-12-08,103845,218,62,0,3,2,7,0,0,4,70,0,1,7,0,0,23,6,34,4,29,64,0,0,0,93,2
"463",1999-12-23,104070,127,44,14,23,25,13,25,5,28,49,10,22,28,22,0,61,12,10,13,1,76,0,0,8,185,3
"464",2000-01-07,104295,74,63,34,40,42,20,58,15,54,10,13,20,21,34,13,54,16,0,10,45,28,14,0,6,134,0
"465",2000-01-22,104520,124,60,14,10,10,8,15,9,11,23,7,14,3,7,4,22,4,4,0,21,16,3,0,3,58,0
"466",2000-02-06,104745,40,97,0,1,0,1,0,0,1,26,0,0,0,0,0,9,2,0,1,34,40,0,0,0,73,0
"467",2000-02-21,104970,66,85,0,14,11,10,0,0,20,53,5,8,5,9,0,21,4,5,2,58,52,0,0,0,269,25
"468",2000-03-07,105195,199,125,10,17,21,4,19,0,27,135,12,11,11,16,3,33,5,0,4,39,82,0,0,7,244,5
"469",2000-03-22,105420,457,100,23,23,29,13,29,8,33,133,15,26,20,23,5,57,16,6,10,14,80,3,4,12,231,5
"470",2000-04-06,105645,202,67,10,21,19,19,32,4,36,29,15,15,32,23,1,64,12,11,14,8,37,10,0,14,85,11
"471",2000-04-21,105870,119,13,37,45,44,37,42,54,48,27,47,48,34,46,14,68,32,15,22,0,0,18,28,34,10,6
"472",2000-05-06,106095,35,7,25,47,51,44,24,26,60,9,41,56,49,51,11,75,23,61,23,0,0,5,19,26,6,2
"473",2000-05-21,106320,0,2,78,130,196,146,146,86,167,2,147,175,265,129,65,254,134,0,126,0,0,45,71,105,1,2
"474",2000-06-05,106545,6,7,54,77,80,121,95,71,106,40,96,134,62,87,95,95,63,11,64,0,0,75,31,77,3,5
"475",2000-06-20,106770,1,0,88,92,133,87,127,40,141,6,107,143,183,98,21,228,70,106,63,0,0,31,26,99,0,1
"476",2000-07-05,106995,0,2,20,33,43,30,32,36,53,0,29,43,8,37,49,31,13,54,6,0,0,44,52,31,0,0
"477",2000-07-20,107220,0,3,24,27,29,44,65,77,52,15,40,65,8,36,90,23,9,59,3,0,0,124,105,39,0,2
"478",2000-08-04,107445,0,1,26,35,41,34,42,149,58,0,57,97,4,56,115,22,12,49,5,0,0,79,80,54,0,1
"479",2000-08-19,107670,0,5,26,40,59,17,39,44,67,1,43,50,8,53,69,29,10,38,2,0,0,68,63,38,0,0
"480",2000-09-03,107895,2,1,40,63,48,53,54,43,71,5,85,103,14,85,95,36,23,37,11,0,0,68,47,70,0,0
"481",2000-09-18,108120,7,2,50,94,77,56,113,186,111,5,98,143,7,105,99,41,36,122,4,0,0,86,102,71,1,1
"482",2000-10-03,108345,41,0,17,33,39,19,62,52,43,1,37,59,6,42,88,22,10,8,2,0,0,61,61,33,2,1
"483",2000-10-18,108570,72,1,19,25,50,24,48,13,40,6,32,40,10,30,12,33,10,66,8,0,3,7,4,14,4,0
"484",2000-11-02,108795,104,0,9,18,23,18,17,0,26,15,10,19,13,17,1,34,12,20,5,0,1,0,0,6,39,1
"485",2000-11-17,109020,70,89,15,34,33,13,22,0,54,88,15,20,23,23,0,62,19,82,14,62,82,0,0,4,713,59
"486",2000-12-02,109245,175,80,0,5,5,8,0,0,15,26,1,2,12,2,0,34,3,26,3,41,86,0,0,0,619,15
"487",2000-12-17,109470,146,88,3,13,5,8,0,0,14,153,2,9,16,4,0,42,8,14,3,145,49,0,0,0,530,2
"488",2001-01-01,109695,97,127,18,5,4,8,1,0,8,159,1,4,2,1,0,31,2,48,2,73,93,0,0,0,313,42
"489",2001-01-16,109920,90,63,0,8,7,2,0,0,14,110,2,10,4,5,0,21,3,69,3,89,74,0,0,0,446,49
"490",2001-01-31,110145,93,59,0,4,2,2,0,0,8,60,3,3,3,3,0,25,1,25,0,26,38,0,0,0,226,8
"491",2001-02-15,110370,207,90,15,36,21,17,3,0,39,73,15,23,25,23,0,53,18,0,19,5,58,0,0,0,178,3
"492",2001-03-02,110595,100,113,37,52,52,41,33,10,62,101,28,39,33,38,3,82,35,30,32,47,65,6,0,5,66,6
"493",2001-03-17,110820,324,139,38,51,62,21,64,11,57,117,35,35,36,52,0,101,15,177,7,3,126,3,3,20,331,4
"494",2001-04-01,111045,204,33,44,53,68,31,72,10,74,31,37,50,55,48,0,86,38,259,28,20,48,3,5,35,140,9
"495",2001-04-16,111270,232,53,46,66,62,63,58,53,87,67,64,79,68,75,16,110,50,271,53,0,22,26,16,53,51,8
"496",2001-05-01,111495,162,18,40,68,78,76,55,48,95,13,62,86,69,76,18,98,45,29,45,0,7,19,24,58,9,2
"497",2001-05-16,111720,138,29,31,85,86,85,68,44,125,27,76,99,99,78,16,143,77,50,68,0,3,44,56,47,5,2
"498",2001-05-31,111945,14,1,38,87,91,95,51,40,136,2,93,96,127,77,28,277,86,80,100,0,0,31,41,47,0,0
"499",2001-06-15,112170,15,0,45,138,121,97,49,63,150,4,132,143,66,157,42,102,100,22,117,0,0,60,44,111,1,1
"500",2001-06-30,112395,0,0,18,60,78,86,75,31,106,0,76,97,42,72,58,74,35,27,23,0,0,33,26,49,0,0
"501",2001-07-15,112620,6,0,23,26,32,23,21,41,40,1,28,35,19,34,35,30,19,61,15,0,0,77,70,33,6,0
"502",2001-07-30,112845,0,3,15,17,18,16,19,38,23,2,19,22,15,17,46,23,15,49,12,0,0,28,95,18,6,0
"503",2001-08-14,113070,0,1,27,23,20,14,58,94,29,1,23,34,12,32,115,25,11,47,4,0,0,111,174,31,0,0
"504",2001-08-29,113295,0,0,38,47,35,33,61,62,60,1,46,61,34,59,93,38,29,32,18,0,0,85,60,65,0,0
"505",2001-09-13,113520,36,1,39,64,62,62,64,82,100,0,72,108,22,73,63,49,33,64,19,0,0,58,51,56,6,0
"506",2001-09-28,113745,48,4,15,29,59,28,47,29,66,8,53,57,5,46,42,28,6,146,2,0,0,15,10,38,3,0
"507",2001-10-13,113970,20,0,7,25,42,23,19,2,46,0,21,31,12,22,1,36,8,80,6,0,4,0,0,8,1,0
"508",2001-10-28,114195,147,14,3,31,53,30,14,3,53,9,26,43,23,29,2,38,23,434,19,0,56,1,0,8,378,5
"509",2001-11-12,114420,73,0,19,27,29,30,32,11,55,9,26,29,40,17,0,55,31,105,22,0,29,0,1,4,174,3
"510",2001-11-27,114645,65,30,2,25,13,7,9,0,40,8,11,20,34,18,0,51,20,59,11,7,60,0,0,2,90,3
"511",2001-12-12,114870,196,43,0,10,7,5,1,0,6,55,1,5,12,7,0,23,3,1,2,12,69,0,0,0,57,4
"512",2001-12-27,115095,140,133,15,36,14,17,31,12,35,36,21,29,32,28,1,52,24,2,12,38,59,1,0,11,126,3
"513",2002-01-11,115320,182,100,0,3,0,1,0,0,3,228,0,0,6,0,0,14,2,119,1,205,80,0,0,0,230,126
"514",2002-01-26,115545,116,132,0,4,1,4,0,0,3,116,1,1,0,3,0,10,1,0,0,55,75,0,0,0,52,6
"515",2002-02-10,115770,119,58,8,28,24,17,2,0,39,87,11,19,11,21,0,40,10,12,5,51,37,0,0,2,141,17
"516",2002-02-25,115995,254,160,42,54,57,23,60,3,73,94,48,39,35,52,22,75,21,92,16,45,103,2,0,22,485,45
"517",2002-03-12,116220,209,163,21,20,31,10,35,5,30,121,13,21,12,21,0,31,5,56,1,40,109,0,0,8,124,6
"518",2002-03-27,116445,287,124,33,44,39,32,63,76,41,164,46,41,20,52,31,57,25,9,16,19,83,31,26,44,17,15
"519",2002-04-11,116670,401,59,58,48,55,39,99,38,59,44,54,68,31,72,7,51,18,873,15,3,24,20,14,62,125,91
"520",2002-04-26,116895,241,4,46,49,60,27,54,20,60,0,35,47,40,65,38,68,22,309,20,3,1,50,33,49,127,0
"521",2002-05-11,117120,21,0,29,62,58,48,76,10,82,2,53,55,41,59,2,73,44,5,29,0,0,0,2,29,20,4
"522",2002-05-26,117345,5,5,50,86,92,98,60,37,99,3,69,103,133,75,39,145,102,1,130,0,0,46,56,50,0,0
"523",2002-06-10,117570,0,2,99,92,108,87,67,74,99,0,110,127,145,109,39,154,82,51,108,0,0,24,28,85,0,0
"524",2002-06-25,117795,0,3,64,99,127,66,59,25,130,3,88,115,167,117,40,192,55,6,44,0,0,43,60,77,0,0
"525",2002-07-10,118020,0,0,62,75,98,47,115,88,112,2,91,119,54,96,91,108,32,9,15,0,0,87,41,82,0,0
"526",2002-07-25,118245,0,4,35,57,64,33,37,70,82,3,54,84,17,70,123,30,26,46,7,0,0,132,84,74,0,0
"527",2002-08-09,118470,0,0,85,36,47,29,88,55,47,3,54,108,19,41,61,40,22,54,12,0,0,46,40,30,1,13
"528",2002-08-24,118695,1,2,24,16,23,12,90,91,21,7,29,42,9,23,121,27,11,10,9,0,0,116,197,23,2,1
"529",2002-09-08,118920,9,13,59,42,56,16,105,56,74,14,53,83,99,64,75,74,13,11,6,0,0,78,39,78,0,13
"530",2002-09-23,119145,5,0,53,66,96,57,70,32,90,5,82,89,11,82,69,38,26,51,10,0,0,57,12,66,1,1
"531",2002-10-08,119370,10,6,44,92,100,61,92,46,140,14,80,106,29,98,60,79,43,43,19,0,0,42,18,70,3,1
"532",2002-10-23,119595,111,0,69,67,90,81,107,34,104,4,90,104,40,71,10,94,45,83,25,2,21,15,4,51,86,33
"533",2002-11-07,119820,108,86,41,39,34,27,65,4,59,38,43,38,21,35,8,47,20,273,13,0,67,3,1,15,138,4
"534",2002-11-22,120045,126,57,7,38,26,24,15,0,45,34,24,38,39,26,0,76,35,69,27,1,55,0,0,8,88,7
"535",2002-12-07,120270,76,72,12,15,14,14,12,0,32,21,13,30,12,18,0,35,7,99,8,15,84,0,0,10,542,4
"536",2002-12-22,120495,96,133,0,0,0,0,0,0,0,159,0,0,1,0,0,7,0,109,0,141,123,0,0,0,742,91
"537",2003-01-06,120720,126,105,18,26,10,23,38,12,32,35,22,31,29,28,0,70,12,0,11,56,32,1,0,14,70,0
"538",2003-01-21,120945,41,34,5,21,7,18,1,0,17,0,7,15,6,7,0,30,17,0,4,0,33,0,0,1,12,0
"539",2003-02-05,121170,38,124,31,26,31,11,66,13,37,84,34,28,8,35,6,39,8,10,2,77,49,7,2,18,115,38
"540",2003-02-20,121395,51,0,13,23,44,10,21,3,48,3,17,18,9,21,1,38,10,0,4,0,0,1,0,7,7,0
"541",2003-03-07,121620,102,78,11,39,33,18,26,1,48,30,22,28,30,30,0,59,22,1,12,13,35,0,2,9,14,0
"542",2003-03-22,121845,174,168,24,53,48,27,54,21,63,134,31,27,41,45,21,79,27,78,22,66,111,19,23,24,291,7
"543",2003-04-06,122070,431,39,51,75,80,78,70,70,85,8,57,89,86,84,36,124,57,44,54,3,36,41,17,55,42,0
"544",2003-04-21,122295,105,4,17,25,29,32,37,12,37,0,34,40,19,31,20,35,18,221,17,2,10,13,22,19,185,5
"545",2003-05-06,122520,62,1,7,33,24,50,30,55,36,10,48,66,75,44,5,104,23,155,32,1,0,11,20,35,98,1
"546",2003-05-21,122745,119,2,74,118,94,118,105,105,166,19,142,142,163,128,96,225,99,26,94,2,1,95,119,88,6,33
"547",2003-06-05,122970,0,1,55,85,89,72,69,44,121,0,87,104,95,81,64,137,79,100,69,0,0,58,31,59,0,0
"548",2003-06-20,123195,22,3,21,37,49,46,32,55,64,4,36,55,14,35,49,24,25,42,15,0,0,53,80,39,0,0
"549",2003-07-05,123420,2,0,21,17,28,19,41,79,40,0,33,43,26,25,70,61,3,33,2,0,0,73,62,25,0,0
"550",2003-07-20,123645,0,0,17,37,46,13,35,43,49,2,47,53,8,57,42,16,17,63,16,0,0,51,37,52,1,0
"551",2003-08-04,123870,0,1,25,53,63,19,47,97,79,2,60,59,11,56,101,37,22,57,12,0,0,93,200,39,0,0
"552",2003-08-19,124095,0,2,28,36,29,19,86,154,40,1,37,51,12,42,170,23,19,74,7,0,0,168,215,46,0,0
"553",2003-09-03,124320,16,0,77,97,103,80,103,116,115,1,120,130,22,113,148,59,43,43,16,0,0,113,97,106,1,1
"554",2003-09-18,124545,9,1,52,61,66,45,98,77,91,6,75,91,13,68,160,52,31,1,16,0,0,62,43,65,3,2
"555",2003-10-03,124770,20,0,135,83,68,104,109,39,114,2,100,135,60,92,35,110,57,11,49,0,1,45,20,79,6,0
"556",2003-10-18,124995,80,4,42,32,55,41,54,14,61,2,44,53,31,35,8,71,26,299,23,0,6,3,1,20,20,3
"557",2003-11-02,125220,69,6,43,45,55,56,68,42,72,4,41,63,45,46,1,65,34,124,27,0,2,8,6,30,37,3
"558",2003-11-17,125445,40,6,16,35,30,24,15,4,51,10,28,36,32,21,0,68,27,127,16,0,37,0,0,4,52,2
"559",2003-12-02,125670,134,57,22,21,13,16,40,0,28,25,5,17,13,13,0,44,14,69,15,39,39,0,0,4,138,0
"560",2003-12-17,125895,225,72,0,9,2,10,0,0,23,20,2,20,10,2,0,37,12,2,9,16,52,0,0,0,102,4
"561",2004-01-01,126120,133,145,1,11,7,3,0,0,27,88,1,4,11,7,0,33,8,54,5,40,58,0,0,1,135,5
"562",2004-01-16,126345,131,46,36,31,31,11,40,15,43,53,30,19,21,31,63,59,26,34,25,18,35,35,0,41,73,17
"563",2004-01-31,126570,105,74,4,21,13,8,6,0,15,105,8,13,4,12,0,14,11,14,3,23,50,0,0,2,81,6
"564",2004-02-15,126795,122,87,16,29,38,21,41,16,36,85,27,40,19,30,2,32,12,51,7,58,42,3,1,12,177,17
"565",2004-03-01,127020,108,72,11,13,16,10,25,27,20,178,9,6,14,15,15,19,4,46,3,64,52,19,21,8,112,40
"566",2004-03-16,127245,265,47,33,14,29,8,37,12,24,33,8,18,15,17,2,37,4,39,1,6,35,2,3,7,53,10
"567",2004-03-31,127470,265,154,12,44,35,34,57,42,49,165,32,31,29,47,5,78,20,386,16,72,150,19,28,26,359,36
"568",2004-04-15,127695,311,23,36,49,44,25,60,30,62,54,48,56,47,46,26,84,25,196,12,5,27,24,37,33,54,7
"569",2004-04-30,127920,7,1,29,21,27,30,70,32,35,2,26,50,37,21,16,56,17,67,15,0,0,21,21,26,42,0
"570",2004-05-15,128145,13,5,45,60,56,72,53,23,86,0,64,80,77,72,18,98,38,16,30,0,0,14,18,64,4,1
"571",2004-05-30,128370,1,0,34,64,75,65,44,4,99,0,63,68,57,67,34,91,42,18,38,0,0,10,9,51,5,0
"572",2004-06-14,128595,2,6,16,32,52,20,17,10,55,13,44,58,18,41,7,31,12,66,14,0,0,5,7,25,0,2
"573",2004-06-29,128820,1,0,57,68,71,117,98,79,87,0,84,132,65,83,51,76,32,41,25,0,0,40,49,68,0,1
"574",2004-07-14,129045,0,0,13,30,31,10,26,37,57,1,29,46,8,40,90,18,9,18,1,0,0,87,62,43,0,1
"575",2004-07-29,129270,0,2,15,42,33,29,56,63,55,1,53,82,8,52,53,34,16,43,5,0,0,59,55,49,0,0
"576",2004-08-13,129495,6,1,39,44,53,45,70,84,61,4,55,75,35,52,101,41,43,55,36,0,0,128,86,59,0,0
"577",2004-08-28,129720,25,1,84,102,80,57,132,121,133,5,92,116,19,106,99,59,42,4,13,0,6,89,56,75,38,0
"578",2004-09-12,129945,12,3,69,79,107,62,114,85,123,2,92,108,69,89,84,171,47,24,22,0,0,55,37,87,35,0
"579",2004-09-27,130170,29,1,39,49,71,104,78,28,77,5,73,113,37,61,36,72,44,71,44,0,0,14,19,54,0,1
"580",2004-10-12,130395,87,17,13,41,70,37,27,6,81,15,54,51,36,44,6,69,25,258,16,1,1,1,4,28,34,35
"581",2004-10-27,130620,111,25,18,28,49,41,39,24,58,55,38,56,35,32,21,68,15,206,19,0,1,6,12,17,23,7
"582",2004-11-11,130845,74,2,25,41,36,39,33,2,43,5,33,36,39,34,7,60,30,166,24,0,10,0,0,17,112,2
"583",2004-11-26,131070,180,87,23,20,20,18,6,0,41,97,12,27,16,20,0,42,10,90,7,31,101,0,0,7,308,12
"584",2004-12-11,131295,79,107,5,12,7,8,5,0,14,33,3,4,19,5,0,36,13,26,6,84,86,0,0,1,275,10
"585",2004-12-26,131520,102,75,12,24,23,11,24,3,24,65,19,27,16,19,0,49,9,3,3,98,51,0,0,3,270,1
"586",2005-01-10,131745,176,100,0,0,0,0,0,0,0,78,0,0,0,0,0,2,0,10,0,1,62,0,0,0,282,0
"587",2005-01-25,131970,221,151,18,29,31,7,48,5,42,133,20,18,16,36,0,42,10,13,4,46,100,2,0,20,155,12
"588",2005-02-09,132195,27,44,7,24,31,11,31,9,33,19,25,32,10,28,0,40,10,0,4,0,23,5,6,17,0,0
"589",2005-02-24,132420,150,94,46,49,44,13,74,32,52,89,44,40,21,48,3,56,28,42,16,47,62,4,5,27,143,4
"590",2005-03-11,132645,259,93,16,31,45,32,61,32,47,94,38,37,32,38,9,62,17,46,21,70,109,14,23,29,161,55
"591",2005-03-26,132870,147,74,6,20,23,20,15,20,23,16,15,16,15,21,3,37,12,91,11,39,59,8,2,6,134,7
"592",2005-04-10,133095,264,46,34,38,29,36,48,48,49,103,34,34,38,36,29,62,24,24,25,2,24,35,29,21,13,6
"593",2005-04-25,133320,297,2,62,69,86,84,79,61,113,6,75,99,74,79,47,102,49,147,43,0,10,39,47,61,66,2
"594",2005-05-10,133545,144,33,16,29,35,33,24,36,44,68,28,46,41,30,23,59,18,69,19,0,1,2,2,20,5,8
"595",2005-05-25,133770,130,7,130,180,112,109,63,50,210,11,84,99,111,101,48,138,241,109,262,0,0,49,45,73,58,1
"596",2005-06-09,133995,24,2,54,65,75,58,59,35,107,1,69,84,60,71,25,80,57,39,47,0,0,32,48,63,3,0
"597",2005-06-24,134220,10,4,30,52,43,42,47,30,64,4,69,80,31,66,37,54,29,16,16,0,0,34,22,47,0,0
"598",2005-07-09,134445,2,0,35,40,53,19,39,74,60,0,48,40,17,53,66,37,18,12,15,0,0,49,109,47,0,3
"599",2005-07-24,134670,0,0,16,19,43,10,21,35,42,1,25,28,6,31,36,26,13,26,6,0,0,27,34,37,0,0
"600",2005-08-08,134895,2,5,44,26,26,10,94,50,48,5,35,35,11,43,108,25,16,76,8,0,0,172,91,50,1,0
"601",2005-08-23,135120,0,0,63,54,55,40,72,97,67,4,73,65,8,83,131,24,21,55,19,0,0,115,111,101,0,2
"602",2005-09-07,135345,12,1,23,33,39,26,64,154,54,0,32,53,7,31,61,23,13,93,5,0,0,42,52,22,1,0
"603",2005-09-22,135570,24,1,55,79,82,84,87,40,111,4,101,116,26,92,91,70,46,0,30,0,0,101,76,97,0,2
"604",2005-10-07,135795,25,1,47,79,79,118,48,22,98,0,84,116,49,82,26,80,44,42,42,0,1,13,10,48,23,1
"605",2005-10-22,136020,113,8,55,58,73,61,82,29,99,4,64,78,56,58,3,97,45,78,40,0,2,6,0,31,53,8
"606",2005-11-06,136245,34,5,0,13,13,18,0,3,22,1,4,17,11,9,0,35,10,51,7,0,8,0,0,2,85,4
"607",2005-11-21,136470,136,0,6,27,27,20,11,0,40,10,20,29,28,20,0,52,31,30,23,3,1,0,0,9,30,1
"608",2005-12-06,136695,60,15,5,18,10,17,2,0,32,11,9,14,22,13,0,42,17,6,16,0,18,0,0,2,2,1
"609",2005-12-21,136920,156,28,0,5,3,8,0,0,4,29,1,7,13,3,0,26,5,0,3,10,64,0,0,0,30,1
"610",2006-01-05,137145,134,91,25,44,31,23,35,1,41,68,18,35,22,34,2,51,18,2,11,21,68,0,0,9,281,3
"611",2006-01-20,137370,86,78,16,13,16,9,32,3,25,23,7,24,8,10,0,35,4,20,2,11,29,0,1,6,153,0
"612",2006-02-04,137595,142,111,20,30,28,10,36,10,37,73,10,27,17,28,5,50,9,0,1,21,32,3,0,9,55,0
"613",2006-02-19,137820,45,92,14,21,25,8,28,1,28,127,14,16,10,24,0,44,4,105,6,42,35,0,0,11,132,30
"614",2006-03-06,138045,198,99,30,38,43,26,71,2,43,105,24,40,14,46,0,50,14,14,9,42,50,0,0,28,280,16
"615",2006-03-21,138270,227,130,18,25,39,4,36,7,24,228,20,22,8,32,2,32,3,56,2,25,81,1,3,14,183,12
"616",2006-04-05,138495,347,121,2,30,26,9,10,6,36,185,16,18,22,34,1,54,15,282,10,20,103,0,1,14,278,9
"617",2006-04-20,138720,312,20,38,45,137,56,58,36,79,37,42,68,66,58,33,111,26,109,17,0,5,24,40,45,87,48
"618",2006-05-05,138945,262,10,55,70,82,101,64,45,111,179,83,87,199,70,34,205,81,173,96,2,18,21,23,58,102,4
"619",2006-05-20,139170,47,0,50,75,87,82,54,58,113,4,65,77,84,71,45,112,74,9,72,0,0,36,46,54,0,3
"620",2006-06-04,139395,36,4,46,93,95,87,74,34,112,11,92,81,119,90,48,140,85,16,85,0,0,32,32,68,0,1
"621",2006-06-19,139620,7,0,38,67,69,73,55,48,85,11,75,78,45,80,22,61,46,91,40,0,0,18,34,63,1,1
"622",2006-07-04,139845,0,3,50,33,54,42,50,29,47,3,31,54,34,36,64,58,21,66,11,0,0,24,22,36,0,0
"623",2006-07-19,140070,14,8,30,39,44,35,44,61,71,10,38,48,20,49,90,56,20,47,5,0,0,96,103,48,6,1
"624",2006-08-03,140295,5,2,30,25,33,21,44,93,35,7,33,49,15,36,111,31,15,69,9,0,0,110,103,43,22,1
"625",2006-08-18,140520,3,0,12,18,30,23,25,53,30,0,32,44,14,20,152,32,12,80,5,0,0,86,74,13,0,0
"626",2006-09-02,140745,1,2,79,104,97,106,103,111,130,0,131,165,35,121,93,131,57,92,56,0,0,89,69,112,6,0
"627",2006-09-17,140970,27,3,26,49,35,37,86,110,60,5,57,87,9,53,64,38,26,32,7,0,0,78,31,53,13,7
"628",2006-10-02,141195,4,2,42,52,54,66,98,59,88,6,81,92,27,82,61,47,30,1,28,0,0,45,31,74,1,26
"629",2006-10-17,141420,47,13,32,32,53,37,49,7,67,13,39,70,41,37,27,62,28,226,24,0,1,6,4,21,15,26
"630",2006-11-01,141645,337,6,11,51,46,41,21,1,73,14,36,44,22,34,0,56,34,333,20,3,1,0,0,5,129,42
"631",2006-11-16,141870,69,95,0,4,10,3,0,0,8,69,0,3,9,0,0,33,9,405,8,69,136,0,0,0,441,21
"632",2006-12-01,142095,109,136,0,20,7,5,1,0,37,44,0,3,10,8,0,36,17,158,5,52,139,0,0,0,497,18
"633",2006-12-16,142320,104,198,0,0,1,0,0,0,1,119,0,0,6,0,0,19,0,132,0,109,143,0,0,0,267,197
"634",2006-12-31,142545,207,98,0,0,0,0,0,0,0,67,0,0,0,0,0,1,0,68,0,74,85,0,0,0,707,5
"635",2007-01-15,142770,121,65,0,1,1,0,0,0,1,6,0,0,0,0,0,1,0,34,0,19,84,0,0,0,694,8
"636",2007-01-30,142995,100,68,48,15,20,13,23,0,33,85,8,21,10,18,0,36,5,58,2,68,52,0,0,7,776,36
"637",2007-02-14,143220,70,66,1,18,12,4,0,0,25,74,2,8,22,16,0,52,6,73,4,9,13,0,0,4,223,19
"638",2007-03-01,143445,144,153,4,21,20,13,1,0,24,144,12,16,10,16,0,49,7,1,2,34,96,0,0,3,418,6
"639",2007-03-16,143670,209,59,23,9,17,1,17,7,14,84,4,8,9,9,3,29,1,33,2,25,21,1,1,3,94,19
"640",2007-03-31,143895,184,88,23,45,60,23,61,7,60,38,29,35,38,44,6,86,26,56,19,1,60,13,20,24,55,3
"641",2007-04-15,144120,406,49,35,25,40,26,95,71,28,52,17,43,31,28,23,61,15,338,14,7,22,24,46,15,143,33
"642",2007-04-30,144345,127,9,47,52,67,35,88,61,91,12,42,67,90,63,44,103,28,296,20,0,1,44,18,61,4,35
"643",2007-05-15,144570,190,21,40,29,48,21,43,8,51,2,29,41,68,29,9,109,16,52,19,0,3,3,3,20,8,0
"644",2007-05-30,144795,78,0,62,165,166,101,42,23,223,12,115,92,364,178,25,408,222,69,174,0,3,32,11,200,25,21
"645",2007-06-14,145020,0,0,27,58,68,67,29,30,106,2,63,92,40,71,27,57,28,99,18,0,0,17,25,47,5,0
"646",2007-06-29,145245,7,0,16,68,54,100,25,32,75,2,82,96,38,74,24,60,57,72,66,0,0,11,33,59,0,0
"647",2007-07-14,145470,0,2,100,74,75,86,114,84,100,1,108,152,57,82,201,77,51,43,51,0,0,177,84,89,3,1
"648",2007-07-29,145695,0,2,41,31,41,20,27,50,60,7,37,61,5,50,146,18,10,115,3,0,0,107,100,61,0,0
"649",2007-08-13,145920,30,0,38,44,57,46,43,110,66,11,60,97,45,75,122,77,23,54,15,0,0,192,92,78,19,2
"650",2007-08-28,146145,9,0,69,108,106,129,96,117,128,1,115,159,114,127,181,129,72,162,59,0,0,182,116,103,0,0
"651",2007-09-12,146370,6,4,93,76,85,35,196,82,129,1,74,67,16,90,76,72,34,89,13,0,0,70,37,74,0,0
"652",2007-09-27,146595,24,0,58,66,71,73,85,28,104,14,85,99,45,72,46,69,44,67,43,0,0,6,0,63,9,1
"653",2007-10-12,146820,47,16,46,58,57,62,89,29,71,12,58,69,52,63,7,88,39,101,32,0,1,7,7,53,8,1
"654",2007-10-27,147045,47,13,44,39,69,38,66,12,61,18,44,57,48,48,11,85,21,97,19,0,19,8,12,41,13,1
"655",2007-11-11,147270,238,0,17,49,56,48,23,9,84,9,37,60,39,46,13,69,33,47,27,1,0,5,4,21,69,7
"656",2007-11-26,147495,54,65,24,19,18,11,40,0,22,16,5,13,22,11,4,55,18,37,16,49,25,0,0,9,94,17
"657",2007-12-11,147720,116,94,3,6,13,7,1,0,17,36,4,4,8,4,0,22,2,13,1,48,73,0,0,0,432,19
"658",2007-12-26,147945,111,64,0,11,2,2,0,0,4,55,2,6,5,5,0,19,9,1,7,5,33,0,0,2,82,0
"659",2008-01-10,148170,316,106,0,1,4,4,0,0,3,67,0,3,4,0,0,13,2,76,1,47,88,0,0,0,116,6
"660",2008-01-25,148395,110,104,6,1,2,0,1,0,3,194,1,2,0,1,0,4,0,18,0,41,74,0,0,0,106,68
"661",2008-02-09,148620,112,148,0,2,2,0,0,0,7,118,0,1,1,1,0,9,1,5,0,92,56,0,0,0,149,189
"662",2008-02-24,148845,253,103,39,26,34,14,22,0,35,46,4,20,12,13,0,55,14,2,6,2,65,0,0,2,41,2
"663",2008-03-10,149070,109,152,39,52,58,39,74,37,56,49,39,49,31,62,16,71,23,142,20,57,175,11,17,35,221,18
"664",2008-03-25,149295,177,23,44,46,38,32,52,6,64,21,25,42,24,39,5,65,25,152,21,41,68,3,0,16,130,15
"665",2008-04-09,149520,425,66,16,17,30,12,16,7,37,63,13,11,17,23,6,42,12,144,7,10,58,3,0,14,119,6
"666",2008-04-24,149745,102,6,53,61,80,31,141,21,85,12,40,55,54,65,10,99,38,78,35,0,0,1,4,43,5,9
"667",2008-05-09,149970,77,7,68,59,63,53,89,60,77,4,58,63,119,61,15,141,56,20,42,0,0,11,39,42,1,2
"668",2008-05-24,150195,102,0,49,71,88,112,39,23,96,1,62,79,97,62,19,129,78,36,76,0,0,18,19,45,0,0
"669",2008-06-08,150420,11,2,28,58,55,56,27,39,80,3,61,49,112,63,10,115,76,85,68,0,0,14,23,46,1,2
"670",2008-06-23,150645,0,0,91,115,107,105,113,115,149,2,109,130,72,128,118,87,91,31,78,0,0,160,70,111,4,0
"671",2008-07-08,150870,0,1,51,51,65,54,53,72,69,1,51,69,27,56,108,49,32,92,19,0,0,83,77,52,0,0
"672",2008-07-23,151095,13,4,67,76,90,70,127,88,110,1,76,99,38,110,131,63,41,111,28,0,0,89,37,105,0,0
"673",2008-08-07,151320,2,0,38,49,55,35,86,77,83,1,64,67,21,79,97,45,15,31,4,0,0,129,83,67,0,0
"674",2008-08-22,151545,0,0,131,115,104,109,107,220,143,1,124,268,223,130,141,240,87,31,58,0,0,184,213,187,2,3
"675",2008-09-06,151770,1,0,50,41,57,35,76,63,68,2,48,52,30,53,59,41,20,121,10,0,0,72,69,46,16,0
"676",2008-09-21,151995,18,0,67,74,81,62,104,171,100,4,87,83,17,85,60,96,46,111,35,0,0,71,52,87,2,1
"677",2008-10-06,152220,36,1,35,56,52,45,63,52,66,5,62,52,13,57,64,39,24,144,18,0,9,29,41,46,15,1
"678",2008-10-21,152445,43,9,17,55,61,46,38,8,81,11,51,60,34,44,2,62,32,127,23,0,22,1,1,12,36,2
"679",2008-11-05,152670,117,21,9,18,18,19,1,0,33,6,14,18,21,15,0,41,15,158,12,6,18,0,0,8,158,37
"680",2008-11-20,152895,172,121,12,32,26,20,25,0,39,25,20,19,15,24,0,36,19,22,12,25,47,0,0,3,123,3
"681",2008-12-05,153120,142,116,38,55,34,35,40,2,74,66,42,47,21,48,1,67,24,1,17,5,76,4,0,15,221,1
"682",2008-12-20,153345,135,41,1,11,5,6,0,0,14,47,1,5,13,9,0,23,4,0,1,28,57,0,0,0,72,2
"683",2009-01-04,153570,79,49,0,28,27,15,0,0,35,6,18,25,15,26,0,46,6,9,4,7,49,0,0,6,65,0
"684",2009-01-19,153795,103,137,1,8,13,1,1,0,12,40,10,4,3,8,0,12,0,61,0,59,48,0,0,0,486,2
"685",2009-02-03,154020,96,117,18,19,23,6,48,10,17,116,9,14,8,16,17,51,5,0,1,47,18,6,14,4,117,8
"686",2009-02-18,154245,152,195,26,42,39,11,43,5,45,83,19,30,8,44,0,35,12,6,2,26,98,0,1,23,65,4
"687",2009-03-05,154470,184,89,48,27,41,23,78,54,34,62,22,31,15,33,20,49,8,0,2,27,73,11,6,24,117,0
"688",2009-03-20,154695,257,141,44,57,53,7,64,32,71,73,43,27,21,56,15,67,21,5,14,18,81,9,15,31,99,3
"689",2009-04-04,154920,357,12,28,22,31,4,66,27,33,10,18,20,21,32,12,47,4,7,5,16,27,3,7,28,279,10
"690",2009-04-19,155145,305,41,52,36,65,38,97,35,49,59,43,38,35,51,26,67,17,48,20,5,23,4,9,40,26,6
"691",2009-05-04,155370,292,21,46,83,72,103,54,45,100,2,60,98,104,75,13,141,62,97,63,0,5,13,37,48,34,0
"692",2009-05-19,155595,21,1,27,58,48,48,39,29,61,0,34,48,61,55,6,94,45,50,35,0,0,4,16,28,23,0
"693",2009-06-03,155820,13,0,95,168,193,192,75,46,182,2,125,139,124,133,29,147,154,8,183,0,0,34,31,96,1,1
"694",2009-06-18,156045,7,1,83,74,78,90,65,47,103,0,81,92,103,78,30,142,78,10,80,0,0,30,32,66,0,0
"695",2009-07-03,156270,0,0,255,84,93,108,113,59,136,0,92,151,72,95,62,83,87,11,78,0,0,40,33,112,0,0
"696",2009-07-18,156495,0,0,44,30,39,27,63,44,62,1,34,65,13,26,85,25,23,60,11,0,0,114,99,23,0,0
"697",2009-08-02,156720,0,1,32,63,53,31,47,53,73,6,69,77,10,83,71,32,19,36,14,0,0,68,101,60,0,0
"698",2009-08-17,156945,0,0,48,37,55,17,80,103,61,2,44,46,15,50,247,31,31,22,13,0,0,291,117,52,0,0
"699",2009-09-01,157170,0,1,27,59,49,49,109,68,67,1,86,129,5,68,113,24,16,60,5,0,0,86,89,58,2,0
"700",2009-09-16,157395,14,0,34,32,42,11,70,56,48,0,45,39,1,54,77,14,2,34,2,0,0,42,64,43,16,1
"701",2009-10-01,157620,24,1,40,64,57,43,67,20,95,4,99,109,10,85,26,31,22,98,8,0,0,13,12,72,7,0
"702",2009-10-16,157845,83,4,31,67,52,37,75,50,80,8,62,72,9,68,50,40,25,239,12,1,4,50,49,42,23,6
"703",2009-10-31,158070,134,76,53,39,53,25,80,28,60,21,32,47,18,50,1,55,14,114,12,76,109,5,7,28,320,2
"704",2009-11-15,158295,328,66,1,6,7,2,6,2,7,19,3,5,8,4,0,23,3,55,1,0,29,0,0,0,90,3
"705",2009-11-30,158520,91,32,3,18,23,13,26,10,23,32,7,14,37,15,5,50,15,112,13,0,40,0,0,7,233,5
"706",2009-12-15,158745,121,136,2,7,3,4,0,0,12,40,1,5,10,1,0,22,6,82,3,89,101,0,0,1,489,50
"707",2009-12-30,158970,59,159,0,5,5,7,0,0,10,232,3,12,10,2,0,24,4,249,3,72,143,0,0,0,859,42
"708",2010-01-14,159195,119,58,3,20,16,13,6,0,22,32,4,17,7,24,0,25,6,3,4,8,71,0,0,12,40,0
"709",2010-01-29,159420,148,89,9,13,12,10,15,16,15,42,13,12,15,17,1,21,9,44,9,22,45,6,8,15,111,11
"710",2010-02-13,159645,219,94,22,15,17,16,40,9,20,86,7,6,61,14,1,50,12,57,16,16,27,0,0,4,148,1
"711",2010-02-28,159870,237,128,37,28,39,19,57,33,35,36,27,29,20,33,13,48,10,232,8,20,138,17,6,21,348,8
"712",2010-03-15,160095,282,100,38,30,42,22,42,6,49,86,47,41,20,30,6,51,12,323,10,38,90,2,1,24,299,15
"713",2010-03-30,160320,258,35,40,31,38,19,32,15,46,67,17,25,18,32,5,45,11,247,7,5,21,1,18,23,73,11
"714",2010-04-14,160545,156,59,64,71,67,49,71,71,95,53,59,75,61,73,32,91,53,301,40,1,22,26,35,55,69,27
"715",2010-04-29,160770,327,32,48,42,60,35,90,51,61,35,37,50,62,43,23,109,35,289,36,4,27,31,42,34,31,57
"716",2010-05-14,160995,72,22,26,71,74,64,52,20,99,26,79,80,52,87,20,76,45,38,40,0,0,19,15,70,1,22
"717",2010-05-29,161220,9,4,112,129,144,93,136,76,211,2,90,103,158,107,90,244,139,40,105,0,0,151,30,85,13,8
"718",2010-06-13,161445,1,1,42,81,67,69,58,63,102,3,105,81,76,109,60,128,52,36,58,0,0,38,36,102,0,0
"719",2010-06-28,161670,0,2,45,51,55,50,64,63,70,8,46,48,41,47,51,50,36,48,25,0,0,31,55,38,0,0
"720",2010-07-13,161895,1,0,26,24,36,12,36,49,40,0,31,29,20,39,53,26,12,46,6,0,0,61,125,38,0,0
"721",2010-07-28,162120,0,1,18,18,25,15,20,45,28,2,20,19,8,18,63,20,8,60,4,0,0,39,63,11,0,0
"722",2010-08-12,162345,0,0,83,61,70,90,95,80,70,2,73,91,33,91,86,49,34,44,28,0,0,154,105,85,0,0
"723",2010-08-27,162570,1,3,33,53,41,41,100,124,77,0,63,94,19,76,101,32,35,119,21,0,0,136,159,82,2,0
"724",2010-09-11,162795,9,0,59,137,97,158,130,108,140,1,175,311,104,149,86,106,71,108,83,0,0,86,67,119,1,0
"725",2010-09-26,163020,0,1,52,89,79,77,126,92,115,1,88,119,33,91,72,66,47,127,33,0,0,74,58,72,1,0
"726",2010-10-11,163245,18,0,79,58,74,77,144,80,88,8,74,107,62,73,72,113,35,108,20,0,0,59,61,62,19,0
"727",2010-10-26,163470,26,0,48,42,65,56,102,52,74,3,41,54,45,55,62,81,21,93,13,0,0,30,10,35,58,3
"728",2010-11-10,163695,194,6,11,18,36,25,21,0,36,15,22,23,42,16,2,61,19,70,16,1,26,0,0,6,74,1
"729",2010-11-25,163920,67,96,2,27,20,17,4,0,35,26,14,31,22,16,0,36,27,24,21,29,32,0,0,6,131,45
"730",2010-12-10,164145,109,33,0,3,6,5,0,0,8,13,0,4,6,0,0,25,5,2,4,46,53,0,0,0,134,3
"731",2010-12-25,76678,135,23,21,18,18,13,8,0,22,14,11,12,14,11,0,22,12,2,5,0,12,0,0,1,143,1
