"","date","Kigoma","Songea","Kumasi","Accra.KIA","Akuse","Ho","Takoradi","Bole","Asamankese","Musoma","Mtwara","Nsawam","Axim","Akim.Oda","Akatsi","Yendi","Wenchi","Koforidua","GilgilKwetu","Tema","Dodoma","Mbeya","Pokuase","Tamale","Babile","Begoro","Lake Manyara","Same"
"1",1981-01-01,72,162.6,0.4,0,0,0,0,0,0,28.3,0.1,0,0,0,0,0,0,0,0.5,0,3.1,38.1,0,0,0,0,64.3,19
"2",1981-01-16,45.5,148.5,5.8,2,5.1,39.4,40.9,0,3.6,13.4,12.8,3.6,0.3,5.8,0,0,0,0.5,0.3,1.5,23.3,58.7,16.4,0,0,2.5,4.1,4.4
"3",1981-01-31,93.7,116.3,25.9,0,20,39.2,12,0,93.5,0.5,25.2,97.3,67.6,27.8,0,0,0,11.4,0.8,0,54.9,103,41.4,0,0,3.1,37.6,1
"4",1981-02-15,132.1,155.5,17.3,0,20.2,15.9,0,17.5,45.7,35.2,51.7,6.9,77,92.5,0,0,1,33.7,21.4,0,53.8,140.3,0,0,0,9.1,24.5,0.5
"5",1981-03-02,94.9,51.1,86.8,16.5,13,39.6,7.1,41.4,39.9,68.1,52.6,82.3,45,12.7,0,14.2,73.1,114.6,24.2,20.3,0,29.4,9.4,16.1,15.3,84.1,8.2,5.8
"6",1981-03-17,99.9,80.5,148,22.8,41.4,82.3,59.5,114.2,19.3,262.3,78.1,84.6,45.2,74.4,0,22.3,156.6,83.4,127.6,46.2,144.3,68.7,23.6,7.8,7.7,72.1,281.6,178.5
"7",1981-04-01,115.7,3,30.5,4.3,11.4,55.9,0,20.5,61.9,141.7,98.6,8.9,4.1,56.8,37.9,0,50.5,12.8,122.2,7.4,43.5,8.8,4.6,3.6,2,11.7,171.2,110.3
"8",1981-04-16,53.4,102.1,45.9,19.1,40.9,17.5,46.5,46.7,58.1,52.4,56.3,32,131,41.8,0,104.7,55.9,29.6,56.6,50.6,0,10.5,25.8,63.2,61.6,28.4,31.9,27.9
"9",1981-05-01,140.1,9.9,120.7,66.8,128.8,115.8,169,106,186.3,97.5,68.4,132.9,168.7,202.4,10.5,100.6,80.5,112.3,106.2,61,4.3,4.1,154.1,74.8,84.2,130.4,41.2,49.8
"10",1981-05-16,0,1,59.6,73.4,18.9,162.8,194.6,71.9,70.5,21,92.2,75.7,297.2,102.8,21.6,48.3,42.2,57.6,29.2,71.7,0,5.7,30.8,75.7,68.6,67.3,10.4,41.5
"11",1981-05-31,0,0,13.9,83.8,137.9,60.5,114.5,36.9,140.9,21.4,42.6,102.7,147.4,69.9,17,4.3,22.4,81.2,14.2,71.5,0,0.6,134.5,36.4,10.3,55.5,2.3,0
"12",1981-06-15,4.1,0,78.1,60.8,182.5,29,240,101.8,101.4,1.3,28.1,143.5,370.1,114.8,0,137,31.8,131.1,87.2,135.1,0,0,106.2,117.8,74.2,93.9,0,0
"13",1981-06-30,0,0,163.6,63.8,79,91.5,17.6,76.8,125.6,25.2,67.9,85.9,15.3,132.6,9.7,97.5,123.3,129.5,44.3,129.4,0,0,104.1,28.6,96.1,168.1,1.5,0
"14",1981-07-15,0,0,50.6,20.2,19.7,10.3,32.3,83.1,26.7,12.6,45.9,31.1,61.3,44.5,0,190,25.2,31.2,127.4,11.6,0,0,15.9,135.2,108.2,103.4,3.5,0
"15",1981-07-30,2.2,0,54,1.1,2.5,38.7,8.2,70.7,16.3,10.6,0,18,7.3,11,0.8,145.4,35.8,20.7,109.6,0.3,0,0,0,240.2,97.5,39.2,0,0
"16",1981-08-14,10,0.6,63.4,55.8,46.4,35.8,15.3,105.8,76.3,11.7,0.9,63.4,15.8,47.4,2.8,135.1,89.6,75,44.3,25.7,0,0,39.2,95.2,88.7,121.4,7.5,1.8
"17",1981-08-29,7.6,0,175.2,19.6,40.4,81.8,36.1,121.2,31.9,10.3,13.7,31.5,75.5,150.6,0.5,78.9,150,48.8,28,54.1,0,0,16,96.4,56.3,76,8.4,8.6
"18",1981-09-13,1.5,0,162.9,79.2,149.4,64.8,24,145.3,88.9,23.3,2.7,58.7,34.1,120.1,0,128.4,89.9,115.8,48.7,13.9,0.2,0,31.9,64.4,93.5,73.7,13.1,7.7
"19",1981-09-28,20.5,0,101,5.4,38.2,109.7,39.9,88.7,5.4,41.5,4,11.5,25.7,146.4,0,103,215.2,26.2,28.2,3.3,0,0.5,3.8,40.9,38.6,143.6,23.1,66.1
"20",1981-10-13,46.5,5.6,31.5,58.5,67.4,180.1,49,14,97.8,7.8,1.9,88.7,46.3,179.4,7.1,9.8,48.8,61.6,61.3,29.5,0,10.9,69.6,0.9,0,80.9,67.8,31.9
"21",1981-10-28,46.2,5.1,26.3,16.3,100.7,84.3,35.1,2,82.3,32.7,0,87.4,13.7,87.5,0,0,12.1,57.1,56,12.5,0,2,59.9,1.9,0,42.7,6,19.9
"22",1981-11-12,46.7,0,1.6,0,37.4,0,8.7,0,0,4.9,0.1,6.4,66.3,4.3,0,0,8.9,1,30.9,0,0,5.5,54.9,0,0,0,25.2,1.4
"23",1981-11-27,129,164.4,13.6,0.3,7.4,0,0.3,0,0.4,34.5,6.7,9.4,17.9,26.7,0,0,0,2.5,2.5,0.3,28,69.2,6.7,0,0,19.3,46.7,17.9
"24",1981-12-12,92.3,15.2,4.9,0,0,0,26.7,0,0.5,20,0,1.5,78.8,0.8,0,0,0,0.5,26.4,0.8,6.9,27,0,0,0,41.9,175.9,57.5
"25",1981-12-27,67,88.1,17.7,0,0,0,0,0,11.8,13.1,0,0,29.5,7.9,1.8,0,0,14,0,0,71.1,53.1,3.5,0,0,5.8,54.2,5.2
"26",1982-01-11,79.7,186.3,8.9,17.8,8.4,43.4,11.2,0,19.3,48.7,20.9,44.2,2.5,0,0,0,0,2,8.5,0.8,85.7,109.1,0,0,0,0,103.7,0
"27",1982-01-26,14.5,175.1,8.8,0,0,0,3.8,0,31.8,14.6,2.7,0,2.6,17.3,0,0,0,0,0,0,2.7,80.3,0,0,0,14,62,3.8
"28",1982-02-10,45.5,31.6,41.5,1.8,20.9,61,1,20.4,74.4,10.7,48,85.6,22.1,110.3,0,36.8,23,92.2,3.3,0,51.8,85.3,41.6,10.7,32.8,36.9,46.7,0
"29",1982-02-25,60.6,149.8,10.4,18.8,62.3,76.7,36,18,45.4,30.6,0,65.3,32,62.3,26.4,79.2,46.8,75.2,0,8.9,3.8,104.9,21.9,62.6,24.9,44.2,7.8,0.2
"30",1982-03-12,4.6,93,34.6,64,48.2,74.5,57.1,48.8,168,42,44.8,106.1,48.3,62.7,77.2,0.4,26.2,123.3,0,87.6,27.7,60,114.5,1.2,14.2,58.9,16.2,6.2
"31",1982-03-27,117.8,47.2,43,8.4,33.3,31.1,1.8,39,96.4,132,72.9,14,42.9,94.7,7.2,10.6,150.5,49.8,11.7,16.5,31.4,33.7,56,84.2,1.8,58.8,216.9,75.6
"32",1982-04-11,85.6,32.1,102.1,43.1,37.2,30,66.9,63,45.7,75.4,50.4,34.8,89.5,25.7,0,97.8,47.9,74,102.6,37.1,74.9,66.9,27.3,60,49.2,54.7,103.2,26.3
"33",1982-04-26,52.3,62.3,102.3,111.6,150.2,75.9,177.7,25.3,125.2,117.3,39.4,117.2,333.4,52.7,38.4,30.8,132.6,77.8,76.8,92.8,2.2,14.4,77.7,109,60,114.6,169.8,124.7
"34",1982-05-11,75.8,0,129.4,113.6,29.8,24.1,79.9,47.3,54,144.3,206.9,31,189.2,35.8,21.4,90.4,9.4,60,63.9,35.7,0,2.6,37.8,80.4,4.8,50.6,90.5,33.4
"35",1982-05-26,41.7,0,101.2,126.4,15.1,67.9,370,123.4,104.5,31.9,128.4,100,541.6,123.7,6.6,17,9.5,84.4,42.7,187.7,0,0,81.6,88.4,108.2,91.3,0,0.4
"36",1982-06-10,1.9,0,37.2,130.3,83.6,112.1,53.7,55.4,42.1,35.6,103.7,89,179.4,59.3,0,39.7,34.5,104.4,20.7,98.1,0,2.3,52.5,66.6,63.1,107.2,40.2,10.3
"37",1982-06-25,1.3,0,114.3,86,140.4,84.8,79.6,35,120.6,18.4,0,119.2,348.6,100.8,0,42.9,100.8,93,28.4,114.4,0,0,65.3,44.7,82.3,218,7.4,22.3
"38",1982-07-10,0.8,0,88.3,11.8,32.8,26.7,14.1,168.7,66.7,5.5,3.2,52.9,73.8,29.8,0,51,64.3,41,66.3,12.2,0,0,38.4,71.3,123.6,75.9,0,1.6
"39",1982-07-25,2.1,0,10.6,0.6,0,0,3.4,17.6,7.9,24.9,86.9,4.8,14.3,2.5,0,32.6,2.1,3.3,35.7,0.5,0,0,0,2.9,132.5,0,23.1,29.6
"40",1982-08-09,0.3,0,68.2,0.3,30,31.6,4.3,143.1,8.2,18.9,0,8.9,9.6,40.6,0,145.8,56.6,27.1,43,0,0,0,0,90.1,72.2,66,11.5,0
"41",1982-08-24,0,0,65.9,2,46.7,14.8,1,108.6,26.4,4.5,11.1,10.9,13.5,21.4,0,113.2,38.6,33.4,55.6,1.3,0,0,2.1,101,86.2,26.9,0,0
"42",1982-09-08,1.5,0,89,0,5.9,31.8,1.8,95.5,3.8,32.6,0.5,0,2.4,0.8,0.5,105.7,56.2,29,28,0,0,0,0,142.9,53.6,39.3,9.2,24
"43",1982-09-23,7.9,7.7,122.7,5.9,9.9,111,0,98.6,52.9,33.3,1,12.4,32.8,81.8,0,91.1,42.2,71.4,40.7,16.5,0,0,16.2,133.3,67.8,32.5,41.8,41.1
"44",1982-10-08,70.6,11.8,70.4,31.1,91.2,87.8,86.3,27.2,164.3,90.4,0.2,83.1,133.1,150.7,6.7,34.4,43.3,166.4,86.7,28.2,6.5,10.9,81.7,2.8,25.2,54.3,194.7,92.2
"45",1982-10-23,104.7,5,85.1,0,28.3,46,47,77.5,71.6,99.5,8.6,79.1,51.8,26.1,0,20.7,70.7,85.9,49.1,3.3,0,34.2,18.4,28.9,48.1,31.8,12.7,17.8
"46",1982-11-07,117,67.8,27.5,0,18.8,19.8,21.5,0,43.8,86.7,5,76.7,47.3,49.3,0,0,4.2,22.6,48.4,0,19.7,36.7,53,0,0,62.8,263.9,94.2
"47",1982-11-22,161.9,115.6,4.4,0.5,0,17.5,5.4,0,32.7,118.6,2.8,18.8,5.2,12.5,0,0,0,31.5,143.5,0,81.9,88.5,29,0,0,14.1,505,142.9
"48",1982-12-07,39,148.4,0,0,0,0,8.9,0,0,24.7,2.6,0,7.8,0,0,0,0,0,75.1,0,1.7,86.3,0,0,0,0,46.4,21
"49",1982-12-22,61.8,161.9,0,0,42.7,19.6,0,0,5,4.6,38.9,4.8,0.4,0.8,0,0,0,20.4,3.8,0,192,106.6,0,0,0,2.3,2,0.5
"50",1983-01-06,61.3,137.1,0,0,0,0,0,0,0,25.8,70.4,0,0,0,0,0,0,0,0.8,0.3,100.3,78.3,0,0,0,0,86.2,1.5
"51",1983-01-21,21.5,73.2,0,0,0,0,0,0,0,38.8,50.9,0,0,0,0,0,0,0,11.4,0,0.6,66.9,0,0,0,1,24.7,0
"52",1983-02-05,95.5,85.1,9.4,0,0,9.1,0,0.3,0,4.3,153.3,0,0,70.1,0,0,0.3,0,23.2,0,61.4,86.9,0,0,16,11.3,23.4,105.7
"53",1983-02-20,53.8,73.2,24.6,0,0,0,0,0,16.3,15.3,75.5,27.5,0.8,0.8,0,0,7.9,0,1,0,10.9,25.1,0,0,0,4.4,12.5,0
"54",1983-03-07,47.3,177.9,42.9,0,0,7.6,0,0,8.6,46.9,238.2,22.9,6.9,0,0,0,4.1,0,8.7,0,97.2,87.9,0,0,0,37.4,41.3,51.5
"55",1983-03-22,47.4,77.9,37.6,19.8,5.1,7.9,5.1,101.5,12.7,42,22.5,17.8,25.1,17.9,8.1,83.5,38.4,75.9,1.8,21.3,25.7,48.6,15,123.1,0,65.6,40.3,10.1
"56",1983-04-06,74.4,32.4,53.9,17.9,83.6,85.2,2.3,0,24.1,84.2,74.7,22.3,8.9,85.2,42.2,3.5,73.8,73.9,17.1,22.9,0,46.3,13.6,0,0.8,34.4,14.6,3.1
"57",1983-04-21,87.7,6.1,28.9,19.3,2.7,44.5,26.2,21.8,76.3,110.2,56,2.3,179.7,169.9,3.3,55,46,107.9,119.6,54.8,6.1,15.3,32.8,9.1,15.7,79.7,76.8,48.7
"58",1983-05-06,27.6,13.3,64.6,6.9,14.2,11.2,69,77,48,78.3,121.6,57.5,198.7,103,43,80.9,122.4,58.2,45.3,10.6,2.2,7.3,34.8,123.8,76.2,96.4,71,45.5
"59",1983-05-21,3.1,13.1,76,27.6,27.2,7.9,97.9,53.3,98.2,35,126.3,31.7,280.2,50.4,14.7,89.2,155.5,65.9,29.2,18.5,0,2.2,20,68.5,20.3,75.9,4.5,31.5
"60",1983-06-05,0,0,115.6,119.5,133.6,125.8,52.6,27.2,108.8,6.4,15.6,58.7,71.7,96.8,61.8,94.6,68.9,85.6,13.7,142.3,0,0,93.9,29.5,57.4,111.7,9.6,7.9
"61",1983-06-20,4,0.4,79.6,33.1,90.9,21.6,65.5,49.4,40.7,48.3,50.7,27.1,17.7,52.6,109.2,52,31.7,80.3,111,12.5,0,0,39.9,44.6,48.3,47.1,10.1,5.4
"62",1983-07-05,2.7,0,33.1,0,12.5,139,6.9,62.5,16.6,8.6,0,31.7,26,41.5,40.9,77,4.9,44.2,29.7,0,0,0,0,72.8,56.9,42,0,0
"63",1983-07-20,0,0,0.8,1,0,0,8.7,41.1,0,34,2.6,0,5.9,1.8,0,41.3,0,5.1,59,0,0,0,2.1,1.8,32,3.9,7.8,0
"64",1983-08-04,24.7,0,3.5,2.1,0,1.3,3.4,33.5,13.8,12.3,3.4,4.6,1,4.3,0.3,11.3,0,5.8,41.2,0,0,0.4,0,54.4,31.6,16.2,2.3,0
"65",1983-08-19,4.4,0,44,8.4,0,18.1,2.8,60,12.7,17.3,0,11.5,20.1,5.1,0.3,65.7,4.3,2,49.5,0,0,0,5.4,67.1,40.1,16.3,0,0
"66",1983-09-03,5.6,0,72.2,40.2,39.6,156,5.2,126.5,47.5,39.5,0.7,38.9,29,44.7,6.4,90.7,33.9,44,77.1,44.8,0,0,49.3,107.4,131.8,77.2,3,0
"67",1983-09-18,1.9,0,24.9,15.3,27.2,8.9,47.4,20.6,169.1,32.2,1,80,68.4,90.4,115.5,38.9,112.2,67.2,29.3,2.5,0,3,43.1,85.4,31.5,76.7,3.1,1.7
"68",1983-10-03,58.3,0,36.2,2.3,55.1,95.9,11,23.6,44,56.6,0.2,44.7,21.1,30.9,0,3.1,87.2,112.4,90.2,0,0,0,0,4.6,3.1,68,2.7,0.1
"69",1983-10-18,66.1,26.5,4.6,0.3,29.9,46.4,14.5,8.3,72.9,28.4,8.8,62.4,90.9,10.9,117.1,0,36.5,111,32.8,0,0,3.2,25.2,0,1.8,26.4,16,2.7
"70",1983-11-02,22.5,4,16.5,1.6,2.1,16.5,0,6.6,17.3,26.4,27.4,53.6,9.73,39.5,40.6,0,0,11.2,73,0,0,0,15.4,0,0,38.1,3.5,0.4
"71",1983-11-17,47.2,38,51.6,3.5,25.4,32.5,0,0,27.6,36.6,13.9,19.3,14.51,59.5,19.6,45.6,0.3,66.6,16.6,0,20.3,21.4,19.3,0,0,44.4,33.9,20.7
"72",1983-12-02,86.9,75.4,0.5,13.5,23.6,30.5,14.2,32.5,73.5,16.4,13.9,29.2,12.5,23.7,10.1,0.4,20.2,33,14.8,0,40.6,61.7,30,0,0,42.8,24.4,6.9
"73",1983-12-17,39.7,155.9,85,0.8,2.8,0.5,19.8,16.3,34.3,38.9,3.2,1.8,0.8,4.1,35.6,0,1.1,0,69.1,0,178.7,82.4,6,0,0,19.5,109.3,168.2
"74",1984-01-01,21.4,359.2,0,3.1,0,0,7.2,0,19.3,48.4,0.3,14.5,3.6,0,0,0,0,0.5,11.4,0,101.5,103.1,34.2,0,0,18.1,29.4,9.7
"75",1984-01-16,53.6,92.2,0,0,0,0,0,0,9.1,0.9,21,5.6,32.8,0,1,0,0,0,0,0,65.8,211.2,0,0,0,25.3,55.8,20.3
"76",1984-01-31,58.2,72.3,0,9.7,2.8,0,11.4,0,15.5,19.9,70.5,49,0,0,0,0,0,1.3,7.9,0,91.2,67.8,0,0,0,1.3,46.5,0
"77",1984-02-15,29.1,124.2,8.9,0,7.9,35.3,2.5,0,31.2,16.7,14.6,17.1,39.4,25.1,6.9,0,0.5,6.6,0,0,33.9,69,14.6,0,0,32.7,9.3,1.2
"78",1984-03-01,86.1,119.6,58.7,50.8,96.7,161.8,11,29.5,30.5,8,95.1,65.7,50.9,93.8,50,33.2,161.5,76.6,0,1.8,55.2,88.5,8.6,13.3,23.8,210.4,69.2,72.6
"79",1984-03-16,8.7,93.4,76.4,10.2,68.3,103.9,43.4,42.2,22.9,15.8,91.6,51.6,22.6,89.5,40.1,7.4,54,45.6,3,15.5,8.9,68.7,33.4,0,0,126.7,25.8,8.7
"80",1984-03-31,71.7,35.5,39.5,46.7,30.5,2.3,106.8,23.3,137.7,51,98.4,35.4,225.8,88.1,8.9,42.3,60.1,79.8,9,25.1,111.5,77.3,66.8,22.5,0,50,31.2,17.6
"81",1984-04-15,77.6,15,41,34.3,76.5,1.8,46,110.7,55.1,103.3,98.2,10.4,45,127.7,40.3,29.7,153.3,83.9,81.5,25.4,5.8,37.9,24.6,41,4.2,53.6,118.6,136
"82",1984-04-30,26.7,3.5,22.7,19.6,113.6,58.6,29.2,109,44.8,61,93.1,50.9,32.3,112.2,68.9,34.5,57.4,127.5,21.9,20.1,0,5.4,45.3,25,45.8,116.6,49.8,30.8
"83",1984-05-15,15.1,1.9,99.4,52.6,111.1,99.8,97.9,31.5,31,49.8,94.8,43.6,240.8,56.5,20.8,74.7,94.8,62.2,12.2,4.1,0,1.9,66.4,34.4,80.4,56.7,8,4.7
"84",1984-05-30,4.1,1.8,62.8,90.8,58.5,26.7,161,32.5,122.2,13.2,110.5,134.6,366.4,82.7,57.2,104,97.4,69.9,7.6,102.4,0,0,109.8,121.2,105.9,54.3,1.7,8.3
"85",1984-06-14,0,1.1,110.7,53.9,90.6,110.5,111.4,39.9,212.3,14.2,114,121.2,357.1,134.3,46.3,100.6,58.3,133.5,26.4,20.6,0,0,42.5,103,36.2,347,14.6,26.1
"86",1984-06-29,0,6.8,94.6,37.4,17.6,126,8.3,80,78.3,5.3,38,41.7,123.7,69.2,80.1,89.4,143,67.3,14.8,40.1,0,0,38.6,59.5,22.9,89.2,6.8,3.7
"87",1984-07-14,6.7,0,193.6,22.6,76.2,85.3,0,180.6,130.8,37,31.5,41.6,9.3,174.4,78.7,92.3,63.9,85.5,89,10.2,0,0,2.2,89.4,71.1,86.9,4.4,5.2
"88",1984-07-29,0,0,86.3,1.1,76.8,133.6,148.6,146.3,188.8,7.7,0,135.6,38.7,113.3,36.1,69.1,109.1,104.7,73.2,0.5,0,0,58.3,114.7,68.4,75.5,0,0.1
"89",1984-08-13,2,0,11.2,22,40.5,61.2,21,54.5,9.3,18.9,0,28.7,21.9,37.4,6.9,153.3,72.5,40.7,31.8,0,0,0,110.7,42.1,60.6,75.9,0.9,0
"90",1984-08-28,3,0,88.8,62.2,24.4,33.3,1.1,60.8,69.3,7.8,7.8,51.2,6.1,6.7,6.3,104.9,96.4,56.5,29.1,19.9,0,0,36.4,75.8,39.4,118.1,5,6.2
"91",1984-09-12,10.6,0,191.4,98.5,63.2,74.1,45.6,62.9,86.1,3,0,65,36.5,88.9,95.1,89.7,57.2,94.6,21.3,78.6,0,0,110.3,123,108.2,41.6,9.3,0
"92",1984-09-27,83,0,98.8,10.4,167.7,92.5,52,68.1,48.7,54.4,0,134.9,101.9,152.2,63.1,56.6,14.5,130.5,23,13.2,0,1.1,40.9,26,65.9,37.7,26.5,1.9
"93",1984-10-12,32.9,0,53.4,20.1,74.7,71.9,39.1,4.1,99.6,58.2,2.1,58.9,99.2,120.7,69.6,30.3,62.6,94.5,54.5,37,0,2.2,45.6,8.8,4.1,43,58.6,22.5
"94",1984-10-27,101.4,0,0,21.3,40.8,33.5,39.7,0.3,47.8,15.2,13.8,49.4,98.4,54.1,57.3,0,10.7,9,20.2,0,4.3,5.5,57.9,0,0.8,16.5,161.5,42.7
"95",1984-11-11,70.3,127.3,33.2,12.2,3.1,23.1,52.5,8.4,61.8,52.3,9.5,24.7,28,43.5,5.6,7.8,42.4,5.7,18.5,15.1,72.7,61.3,12.6,24,26.4,0,23.4,25.2
"96",1984-11-26,40,10.2,12.5,0,18,0,0,0,2.3,85.7,1.1,41.7,4.6,5.9,0,0,0,0,18.3,0,84.1,79.1,6.4,0,0,6.9,29,6.4
"97",1984-12-11,42.7,108.1,0,0,1,0,0,0,0,5.4,0,0,0,0,0,0,0,0,44.3,0,45.6,155.7,0,0,0,0,45.7,18.7
"98",1984-12-26,95.2,53,0,25.4,21.3,0,0.3,0,34.5,20.8,23.1,5.1,0.8,35.8,26.4,0,0,18,0,31.7,15.5,113.7,14.4,0,0,6.9,15.5,0.3
"99",1985-01-10,22.1,17.7,2.5,4.8,0,15.5,34.5,0,2.5,3.5,28.1,3.6,12.7,0,2.93,0,9.9,0,1.8,0.3,125,13.9,0,0,0,0,5,1.9
"100",1985-01-25,97,151.6,16,0,15.5,0.5,7.5,0,22.9,148.5,38.4,16.8,2.3,1.6,0.18,0,0,9.9,30.8,0,106.3,153.2,2,0,0,0,109.9,66.3
"101",1985-02-09,55.7,92,2.5,6.6,0.3,6.9,9.6,0,83.3,4.9,44.3,3,17,33.2,2.99,0,0,21.5,1.8,0,107.6,76,0,0,0,6.3,33.2,46.4
"102",1985-02-24,28.6,140.6,115.4,0,32,31.8,40.4,11.2,71.9,12.6,69.5,24.7,135.7,49.8,15.1,0,11.6,17.5,2.1,8.1,138.2,34.9,0,0,0,71.3,24.1,0
"103",1985-03-11,54.3,39.6,147.6,49.3,49.3,78.9,37.9,10.2,23.4,48.4,47,79,97,73.8,10.73,38.7,110.8,42.6,8.4,46.6,6.6,50.9,62.8,3.9,0,56.9,69.3,5.9
"104",1985-03-26,125.9,88.7,87.9,46.2,37.4,49.6,8.2,60.4,34.7,248,2.9,103.3,63.5,166.9,60.27,100.3,62.6,85.7,92.7,16,64.2,104.1,45.7,72.7,12.7,121.5,242.4,21.1
"105",1985-04-10,70.9,24.2,72.4,33,17.8,22.6,47.8,32.2,5.1,153.7,57.4,5.4,0,63.5,43.37,9.3,87.8,24.7,115,4.1,3.7,79.8,3.5,8.2,0.5,0,80,8.8
"106",1985-04-25,27.3,5.2,66.6,89.2,42.7,55.2,58,91.5,98.8,64.8,191.6,77.9,131.7,271.5,49.52,39.9,62,140.6,77.6,36.5,4.4,41.4,81.9,45.6,23.5,93,76.3,72.2
"107",1985-05-10,25.7,1.1,55.8,80.3,48.1,69.7,65.9,23.9,45.2,52,138.7,52.5,177.7,112.5,101.47,28.8,55.1,81,83.9,85.6,0,1.9,44.6,27.9,64.2,48.8,10.2,10
"108",1985-05-25,0,0,25.7,96.5,84.7,50.3,100.1,76.2,71.7,30.5,41.4,43.7,250.2,110.2,73.54,60.3,76.3,52.7,33.6,103.4,0,0,53.4,60.1,42.7,81,2.5,0
"109",1985-06-09,19.7,0,121,68.7,82.2,69.4,62.8,57.7,46.4,22,45.6,86,247.2,100.7,6.76,112.3,43.2,28.5,78.9,44.5,0,0,109.7,61.7,150.1,32,7.8,3.4
"110",1985-06-24,0,7.1,268.9,1.5,19.9,99,105.2,93.2,122.1,3.1,54.9,49.1,215.3,61.5,11.18,61.8,149.1,174.3,19.7,1.3,0,0,78.3,126.1,140.7,145.7,2.1,4
"111",1985-07-09,0,0,109.1,21.9,159.5,196.3,11.3,98.8,95.7,17.5,0,139.8,21.3,63.2,1.14,136.8,119,107.3,81.5,7.6,0,0,95.3,82.8,64.4,111.7,4.8,2.2
"112",1985-07-24,4.8,0,83.9,2,85.1,66.8,5.4,95.2,7.9,20.4,0.5,21.9,9.2,27.1,0,92.7,56.1,65.3,46,1.3,0,0,21.3,193.2,79.2,216.3,5.8,1.4
"113",1985-08-08,0,0,53.5,11.1,29,111.2,10.1,53,5.8,8.6,23.9,25.9,96.8,94.4,22.39,146,62.8,112.4,31.9,26.7,0,0,21.7,77.2,83.5,104.1,0,0.1
"114",1985-08-23,3.8,1,47.6,25.5,41.1,46.6,71.7,275.4,40.3,1.7,0,32.4,34.3,83.9,1.3,153.8,125.1,73.1,109,35.6,0,0,24.9,76.5,167,76.2,0,0
"115",1985-09-07,4.5,2,90.7,3.7,91.8,70.2,9.2,83.9,126.1,20.5,1.5,30.5,31.1,68.8,1.15,89.4,139,123,33.1,1.3,0,0,16.2,76,85.1,117.6,1.9,1
"116",1985-09-22,4.7,1.1,120.7,39.6,56,76.2,0.6,85.3,102.1,1.4,31.3,20.9,7.6,58.3,7.49,113.4,136.7,123.4,1.3,25.1,0,0,53.7,113.8,58.2,50.4,0.2,0.2
"117",1985-10-07,16.5,0,39.2,4.1,115.4,62.6,30.7,24.7,88.9,31.8,0,82.7,29.2,53.5,13.43,13.9,70.3,42.4,8,3.1,0,0,15,8.6,0,13.7,35.8,43.6
"118",1985-10-22,47.6,0,43.5,30.8,75.8,44.2,72.2,3.1,25.7,14.9,10.5,98.7,144.4,104.9,49.74,4.9,20.2,155.9,21.1,77.1,0,1.3,108.1,0,2,4.8,10.2,7.8
"119",1985-11-06,122.1,43.3,55.5,40.1,33.4,58.3,73.7,18,4.9,49,13.2,51.8,91.5,38.8,8.48,0.2,68.9,40.7,44.1,16,34.5,118.8,59,0,0,12.7,117.1,18.2
"120",1985-11-21,159.1,131.4,43.2,17.8,4.8,57.4,0,0,4.4,42,8.8,12.2,10.2,23.2,1.3,28.2,0,0,19.9,3.3,46.7,119,11.4,0,0,52.2,28,33.5
"121",1985-12-06,58.2,77.6,0,7.9,0,0,26.2,0,0,21.5,4.2,0,6.1,11.4,1.53,0,0,5.2,4.3,0,22.4,56.8,0,0,0,5.1,61.8,19.1
"122",1985-12-21,91.8,84.1,0,0,0.8,2.1,0,0,11.7,50.6,5,35.3,0,0,0,0,0,0,0,0,69,124.7,0,0,0,0,14.3,9.4
"123",1986-01-05,69,186.6,0,0,0,0,0,0,0,6.1,56.6,0,0,0,0,0,0,0,1.8,0,67.8,100.2,0,0,0,0,69.6,128.7
"124",1986-01-20,111.5,224.9,0,0,0,0,17.8,0,0,27.3,59.3,0,1.3,0.3,0,0,4.2,0,0,0,0,86.4,0,0,0,0.6,19.4,0
"125",1986-02-04,144.7,167.9,103.3,16.5,39.2,78.3,7.3,0,50.5,78.8,39.5,51.6,38.6,28.2,0,0.4,0.8,46.6,0,25.7,73.2,124.8,10.9,0,0,26.7,6.7,0
"126",1986-02-19,28.1,23,31.9,51.6,40.3,143.1,37.2,3.8,50.9,69.3,101.5,60.9,15.8,13.2,12.2,0,11.7,83.4,2.8,21.6,11.1,59.5,2.4,0,37.1,19.6,27.3,0.8
"127",1986-03-06,18.3,155.7,48.8,38.4,79.2,66.6,6.6,23.6,46.1,73.9,150.6,50.6,87.6,126.7,92.9,22.9,79.6,24.4,10.1,10.2,60.6,87.7,34.6,16.7,7.1,55.6,105.1,1.4
"128",1986-03-21,65,74.6,21.9,23.1,61.9,49.8,32.5,35.6,91.4,39,176.5,148.3,77.4,112.9,92.5,4.9,45.1,63.8,0.8,24.2,10.1,98.4,13.6,27.7,10.2,80,28.2,46.6
"129",1986-04-05,74.5,49.6,37.6,8.6,7.6,61.7,3.8,22.4,30.5,105.5,103.7,14.8,74.1,19.3,11.7,10.4,70.6,11.9,58.3,11.4,18.3,59.5,16.8,47.9,17.8,39.4,150.8,38.3
"130",1986-04-20,80,29.4,66.5,120.6,150.1,49.8,45.8,42.5,146.7,140.4,41.6,147.3,42,86.4,25.7,58.2,107.7,142.4,123.7,37.5,6.5,23,250.5,30.9,60.5,38.3,56,38.6
"131",1986-05-05,36.4,1.5,55.7,4.8,61.7,78.5,12.5,84,24.8,79.7,123.6,1.6,72.7,40.7,13.7,32.8,52.6,9.2,56.7,2.5,15.5,3.5,1,49,11.2,9.7,51.5,13.4
"132",1986-05-20,4.5,1.2,56.3,34.5,66.1,128.2,68.6,64.4,59.9,46,100,42.1,145.5,116,77,15.4,28.9,53.8,15.4,56.2,4.1,0.5,26.1,100.8,26.6,111,96.9,116.4
"133",1986-06-04,4.7,2.7,215.9,49.9,69.7,70.4,148.6,76.9,105.5,16.7,112.6,62.6,574.3,69.9,117.2,156.5,76.7,48.2,31,62.1,0,0,69.2,128.6,84.1,76,1.5,0.5
"134",1986-06-19,0,0,52.1,6.7,8.9,145.3,87.9,98.5,14.3,2.5,3.2,1.8,239,28.6,102.4,41.6,38.6,66.1,24.4,1.3,0,0,0,44,92,36.2,0.4,0
"135",1986-07-04,2.3,0,140.9,32.6,40.5,60.4,112.3,51.4,116.1,7.2,11,51.1,296.6,84.1,15.4,82.9,14.4,168.7,82.3,0,0,0,56,48.2,48.8,98.2,0.1,0
"136",1986-07-19,0,0,45.8,0.5,0,11.2,1,79.4,16.8,6.7,0,27.9,0.5,35.8,0.5,142.8,83.1,5.3,41.3,0.8,0,0,8.3,120.5,127.7,20.4,0,0
"137",1986-08-03,0,0,19,0,0.8,17.7,9.4,16,2.1,1.2,0,6.4,0.8,6.3,2,54.6,24.2,20.3,8.7,0,0,0,0,14.6,113.2,19.9,0,0
"138",1986-08-18,3.1,0,39.1,0.3,22.1,3.3,10.9,108.7,11.4,9.3,3.6,4.1,6.2,4.3,0,115.6,85.7,32.6,56.2,0,0,0,0,116.6,137.4,44.5,3.5,1.1
"139",1986-09-02,0.5,0,80.6,22.5,76.8,52.3,14.5,140,63.7,2.2,0.8,61,91,45.3,9.9,145.4,81.8,55.4,29.2,2.3,0,0,67.5,137.2,186,143.6,0,0
"140",1986-09-17,14,0,41,8.7,36.6,38.5,4.1,49.8,67.4,8.9,10.5,55.2,9.2,91.3,66.3,90.1,106.8,62.8,60.4,3,0,0,7.3,41.3,111.3,94.8,0.6,0
"141",1986-10-02,29.5,1.7,68.3,28.7,45.2,47.6,3.1,36.6,37.4,16.9,0,38.5,8.1,79.6,40.6,60.6,113.3,25.7,21.6,11,0,1.5,16.7,21.2,16.5,47.3,2.5,2.9
"142",1986-10-17,46.1,9.6,94.9,53.1,49.3,77.8,48.8,87.5,86.3,88,7.2,81.9,154.4,78.9,58.7,86.7,96.2,110.6,41.1,62.2,0,80.6,95.3,104.8,42.1,85.6,55.6,2.6
"143",1986-11-01,71.8,13.5,12.7,28.8,13.9,45.5,28.2,13.3,34.7,54,0,19.6,90.7,20.3,23.9,15.5,47.5,0,11.5,5.8,0,26.6,13.7,32.3,46,18.9,45.6,13
"144",1986-11-16,42.3,45.5,0.3,9.7,17.6,0,33.2,0,12.7,7.6,36.6,20.8,27.2,14,19.1,0,0,57.6,22.5,0.3,1,39.4,50.9,0,0,1.3,48.3,60.7
"145",1986-12-01,58.9,122.5,0,5.6,0,0,2.5,0,0,176.2,15.1,0,2.6,5.3,0,0,0,3.3,37.3,29.9,117.9,127.2,1.2,0,0,0.3,118.1,63.5
"146",1986-12-16,88.7,216.1,0,0,0,0,5.8,0,0,41.1,8.5,0,1.5,0,0,0,0,0,9.1,0,39.9,110.7,0,0,0,0,33.8,53.4
"147",1986-12-31,46.9,110.7,0,0,0,3.6,5.1,0,0.4,38.4,8.1,16.8,54.7,0,0,0,0,15.6,5.4,13.8,247.8,166.7,4,0,0,0,63.9,92
"148",1987-01-15,35.9,109.5,5.9,3.8,1.3,4.9,0,0,30.3,14.5,0.9,3.3,24.4,36.6,0,1.2,0,6.1,4.3,10.2,48.9,73.7,0,0,0,1.5,87.7,4.4
"149",1987-01-30,36,160.7,9.1,0,0,9.6,0,0,4.6,38.8,11.1,0.8,0.3,7.4,12.7,0,12.5,39.6,0,0,55.4,150.1,2,0,0,9.9,9,0.5
"150",1987-02-14,47.9,129.9,55.7,3.3,4.1,7.5,19.5,8.4,3,84.5,94.5,12,1.3,78.8,20,0,11.7,55.5,17,5.2,63.3,36.6,11.4,0,0,59.7,87.6,49.5
"151",1987-03-01,36.6,174.7,21,3.1,88.9,98.3,13.2,35.1,65.8,64.8,145.6,107.5,48.5,5.6,15.8,0.6,77.5,12.6,18,5.7,31.1,39.3,60.8,10,0,3.1,76.6,40.8
"152",1987-03-16,67.7,83.7,89,18.6,28.5,57.6,26.6,16.5,96,54,209.5,43.2,135.9,86.9,59,47.8,54.9,36.4,52.5,36.9,95.8,37,53.8,18,1.3,105.4,58.5,12.1
"153",1987-03-31,105.8,44,61.3,2,6.1,57.9,21.1,48,9.3,100.2,104.5,40.2,0.5,78.5,65.8,8.1,23.1,94.1,90.7,1,58.9,55.5,7,14.3,86.6,10,41.8,56.2
"154",1987-04-15,128.8,13.2,109.7,22.6,78.3,61.4,71.1,2.4,5.4,59.9,155.1,96,44.9,86.8,46,0,11,35,7.9,44.5,43.8,7.4,35.3,0,0,61.9,30.7,92.5
"155",1987-04-30,32.6,5.7,7.1,45.7,35.3,90.3,21.5,51.3,7.7,93.2,108.2,95.8,121.2,64.1,29.2,15.7,51.1,51.3,44.4,47.1,5.5,11.1,25.2,22,13.5,56,66.8,60.5
"156",1987-05-15,19.5,0,38.2,16.5,46.8,156.4,106.1,29.8,8,102,219.3,27.4,206.5,50,41.7,85.8,84,57.3,43.6,59.3,0,16,10.9,106,32.7,116.8,68.3,88.2
"157",1987-05-30,8.1,0,93.9,2.5,8.4,9.8,165.5,36,17,72.4,110.3,1,175.4,46,1.8,33.4,64.2,26.3,139.4,0,0,0,31.4,59.6,42.3,90.4,4.7,0.3
"158",1987-06-14,0,0,153,14.2,52.5,122.1,81.1,130.7,30.9,1,4.7,31.1,248.2,54.9,90.3,92.7,59.4,82.1,31.5,3.4,0,0,73.8,93.6,39.6,88,0,0.6
"159",1987-06-29,0,0,31.3,0.3,18.92,26.3,50.6,48.6,35.9,4.7,0,10.7,90.4,28.1,12.7,95.1,92.4,68.1,16.3,0,0,0,5.7,94.1,54.1,41.3,0,0
"160",1987-07-14,0,0,81,17.8,18.8,76.5,61.2,66.6,97.6,22.5,4,41.8,58.2,97.2,21.5,116.6,43.9,40.6,21.3,18.8,0,0,60.9,114.6,151.7,140.2,4.5,1.2
"161",1987-07-29,2.3,0,154.3,21.2,54.6,113.6,149.6,95.4,135.3,8.6,5.9,95.2,294.8,84.4,17.1,62.6,66.4,156.8,2.4,29.1,0,0,70.3,33.2,209.9,162.4,7.5,5
"162",1987-08-13,2.3,0,73.9,57.1,89,139,194.6,67.6,135.9,15.8,1.7,92.5,191,104.4,95.2,131.8,80.3,83.4,88,30.7,0.2,0,112.8,97.5,92.5,158.4,1.2,18.5
"163",1987-08-28,0,0,48.3,129.5,53.6,56.4,109.8,94.2,26,12.2,0,93,291.7,55.9,100.4,85.8,83.8,120,8.9,70.8,0,0,78,92.9,98.2,225.3,2.3,0.8
"164",1987-09-12,39.6,0,129.7,79.4,86.5,147.1,126.6,142.9,11.3,9.5,2.4,91.3,112.4,134,151.9,126.8,191.3,94.6,21.5,148.3,0,0,74.9,93.2,103.4,163,0.9,0
"165",1987-09-27,50.1,0,29.9,105.7,108.6,65.7,179.2,56,15.4,25,1.3,182.9,368,234.8,53.7,98.5,137.2,125.1,51.1,124.4,0,38.9,144.2,96.7,76.9,177.7,0.1,1.4
"166",1987-10-12,33.1,7,63.6,46,21.5,74.3,95.9,16.2,7.6,16.3,39.5,58.4,55.8,128.3,46.8,12.1,97.2,61.3,27.9,30.1,0,7.4,69.5,11.2,1,101.5,0.1,13.6
"167",1987-10-27,34.9,2.1,0,9.1,34.5,23,1,1.3,9.3,58.2,23.3,59.2,82.3,41,12.4,0,4,22,90.6,0,8.6,1.4,29.1,0,1.3,3.3,32.9,16.7
"168",1987-11-11,67.7,1.2,10.8,0,37.8,0,27.9,0,13.7,56.9,25.1,7.9,62.5,9.1,0,0,4.8,14.1,82.4,0,57.3,20.4,23,0,0,2,8.6,26.3
"169",1987-11-26,93.8,8.6,29.4,41.9,12.7,7.7,21.4,0,1.5,17,0.2,6.8,60.4,0,43.7,0.2,0.4,3.3,20.1,14,26,32.2,70.2,0,0,4.6,10.3,4.4
"170",1987-12-11,19.9,24.2,6.9,0,0,0,6.8,0,0,11.9,4.3,0,4.1,0,0,0,0,0,12.7,0,0,80.8,0,0,0,20.3,30.6,2.7
"171",1987-12-26,17.9,109.1,0.6,0,0,0,2.5,0,0,42.2,124.2,0,14.7,0,1.17,0,0,0,27.4,0,4.4,85.9,0,0,0,0,35.6,3.8
"172",1988-01-10,89,143.8,0,0,0,0,0,0,0,51.8,48.4,0,0,0,0,0,0,0,28.7,0,126.1,157.7,0,0,0,0,169.3,19.2
"173",1988-01-25,35,88.9,0,0,3.3,39.6,23.6,0,0.9,9.6,33.3,6.1,14.8,30.7,0,9.1,10.4,35.4,0,3.4,52.4,155,0,0,0,63.2,7.4,27.2
"174",1988-02-09,43.3,87.6,4.9,9.2,22.9,10.6,122.1,0,5.6,23.2,77.6,67.6,74,0,32.8,0,0,35.1,13.2,86.7,31.9,42.2,47.7,0,0,6.1,7.2,8
"175",1988-02-24,48,6.7,111,72.3,17.2,98.6,32.5,13.2,6.3,59.4,264,55.2,183.7,72.8,41.7,3,85.4,27.6,14.2,19.9,4.6,46.3,32.8,17,8.4,60.5,57.4,5.5
"176",1988-03-10,90.7,101.2,202.3,7.3,14.5,119.1,1.4,17,2.7,48.8,12,27.9,3.5,122.8,5.7,3.1,76.9,62.6,20.6,23.3,103.2,211,2.2,9.9,1,25.5,61.2,65.6
"177",1988-03-25,24.6,40.6,12.3,31,22.8,13.9,52.3,24.9,5.6,62.6,26.9,40.9,117.4,25.1,6,1.2,100.6,48.3,18.3,68.6,92.6,96,27.5,59.9,0,48.2,99.1,40.9
"178",1988-04-09,130.8,23.6,85.6,15.2,118.4,143.5,54.7,55.2,8.6,163.7,84.8,39.6,210.9,41.8,6.3,17.9,25,260.3,161.5,9.1,2.7,30.4,52,28.3,30,65,119,94.1
"179",1988-04-24,88.8,1.9,70.1,176,80.4,95.3,75.3,83.3,7.3,214.1,7.5,98.6,87,96,52.1,65.7,67.3,46.8,102.5,62.1,0,5.2,95.1,20.4,10.6,8.7,14.3,1.7
"180",1988-05-09,0.4,0,31,66.1,72.4,52.1,32.2,38.9,8,94.6,48.7,66,128.2,58.7,112.6,31.2,43.5,69.2,46.6,35.9,0,0,33.4,8.6,30.7,21.4,1,0.7
"181",1988-05-24,0,1.1,235.5,134.4,56,73.8,132.7,96.1,59.9,4.7,87.8,76.9,179,133.7,44.5,71.9,42.7,118.8,7.1,44.6,0.6,0,103.4,92.6,41.4,85.1,5.1,8.9
"182",1988-06-08,4.4,0,127,75.2,60.5,116.6,23.5,166.7,190.8,11.5,0,92.8,92.5,157.1,35.5,60.6,97.6,62.8,127.1,49.1,0,0,95.6,145.8,67.1,109.6,4.9,3.9
"183",1988-06-23,0,0,76.7,61,80.9,77.5,111.3,113.1,47.1,8.3,0,215.2,107.4,73.1,8.4,105.3,134.5,116.3,70.6,105.2,0,0,147.9,92.5,60.3,128.8,8.8,1
"184",1988-07-08,3.3,0,89.6,86.3,48.9,106.7,59.8,34.2,26.1,5.4,27.6,16.5,30,106.7,1.7,68,77.6,40.7,65,28.1,0,0,109.7,186.2,116.1,232,0.3,0
"185",1988-07-23,0,0,20,0,0,8,5.8,35.8,16.5,47.5,4.8,5.3,3,4.2,0.7,71.4,9.4,6.8,53.9,0,0,0,0,103.1,87.4,73.8,1.7,0
"186",1988-08-07,7.3,0,7.6,0.5,17.7,12.4,2.3,14.3,9.4,24,0,3,4.9,13.4,32.2,161.6,10.3,5.5,75.8,0.8,0,0,8.3,82,34,22.4,4.9,0.3
"187",1988-08-22,11.4,0,9.8,11.5,37.4,49,7.3,73,26.2,8.4,0,79.8,6.6,18,0.1,86.8,72.9,39.1,79.8,1.6,0,0.2,9.4,118.5,223.1,46,12.4,36.4
"188",1988-09-06,9.4,0,89.1,12.5,50.8,67.8,192.7,97,78.4,8.3,0,70.1,133.6,0,21.92,151.7,117.3,63.9,50,42.2,0,0,20.4,78.4,134,137.3,0,15.5
"189",1988-09-21,23.5,0,126.2,18.9,72.7,89.4,20.5,71.5,85,86.6,2.4,30.8,88.5,17.9,13.57,104.5,106,115.4,71.6,30.1,0,0,59.4,41.8,70,272.1,2.1,0
"190",1988-10-06,65.7,1.2,67.7,98.3,112.4,48.1,48.5,17.6,204.3,34.8,0,168.2,89.6,178.3,24.41,33.7,74.6,60.6,35.1,36.6,0,3.4,70.5,7.7,0,53.8,11.9,11.5
"191",1988-10-21,27.5,0.4,71.6,32,17.6,26.7,13.9,25.9,117.6,9.8,1.3,47.3,33.6,86.7,4.99,0,52.7,73.4,35.6,15.8,0,8.4,5.8,0.3,0,34.5,2.2,2.4
"192",1988-11-05,36.2,29.2,2.4,48.1,54.7,25.6,15.8,0,103.1,50.8,0.2,71.5,58,67.3,6.15,0,4.9,11.5,45.3,1.1,0,15.5,157.5,0,0,5.9,29.1,15.2
"193",1988-11-20,162.5,13.7,37.2,5.6,1,27.8,0.1,9.7,10.5,45.7,0,0.5,38.2,13.1,17.97,3.9,0,90.6,52.3,0,0,60,90.5,27.4,0,16,7.5,27.4
"194",1988-12-05,36,51.1,42.8,27.5,44.7,65.1,32.4,1.3,67,14.4,0.1,61.5,104.5,37.8,6.74,0.2,0,20.4,14.2,65.8,1.8,90.7,19.3,0,0,0,4.8,15
"195",1988-12-20,88.6,220.1,0,0,0,0,0,0,0,129.8,2.2,0,0,0,4.35,0.1,0,0,17.5,0,124.2,126.2,0,0,0,0,106.8,55.8
"196",1989-01-04,91,81.6,37.7,0,0,0,0,0,0,37.7,6.3,0,0,0,0.24,0,0,0,59,0,103.5,123.8,0,0,0,0,157.2,72.6
"197",1989-01-19,74.2,193.5,16,0,0,0,0,0,0,5.7,9.4,3.1,2,0,0.54,0,0,0,1.3,0,57.7,80.7,8.4,0,0,0,19.4,11.4
"198",1989-02-03,109.1,58,0,0,0,5.8,0,0,7.9,57.4,63.2,0,0.8,0,0,0,0,0,57.4,0,82.3,73.4,0,0,0,0.8,63.5,0
"199",1989-02-18,23.4,88.7,2.3,4.1,0,0,0.8,6.3,8.6,9.6,2.9,6.3,13.5,47.4,14.1,0,0.1,56.8,0,0,28.9,28.5,11.8,0,0,1.8,2,0
"200",1989-03-05,139.3,202.4,79.1,39.3,56.5,145.6,38.8,13.5,82.6,51.5,47.6,135,85.8,74.7,32.1,198.8,123.1,110.6,11.5,17.3,72.3,158.8,10.5,26.2,17.3,129.6,33.6,20.4
"201",1989-03-20,32.1,185,33.5,0,45.5,70.2,28.9,14.2,66.6,83.2,190,16.6,7,16.5,11.7,2.6,75.1,23,57.6,0,73.5,136.1,1.1,37.9,29.7,53.4,154.9,8.4
"202",1989-04-04,123.2,106.8,21.9,33.6,43.5,57.7,5.8,28.1,69.1,35.1,35.7,46.9,59,23.2,22.9,2.4,43.3,27.9,96.8,76.4,116.7,90.6,27,34.4,63.1,7.4,158.2,216.3
"203",1989-04-19,13.1,12.8,74.7,99.3,72.6,72.3,106.9,96.2,71.9,62.6,92.9,82.4,98.6,30.8,51.4,11.5,138.8,54.4,21.1,65.8,5.1,17.4,28.5,12.8,2.3,13.2,127.7,83.7
"204",1989-05-04,45.8,4.9,51.4,83.9,94.8,49.3,100.1,2.5,73.2,79.3,69.8,95.5,227.1,40.2,123.7,16.6,35.1,113.5,90.5,74.1,1,41.3,137.3,41.9,23.4,54.6,51.8,13.7
"205",1989-05-19,5.8,12.2,55.9,25.7,48.7,87.4,12,36.9,54.5,24.5,135.1,62,28.4,35.5,15.2,68.4,76.2,29.4,7.7,19.8,0,0,20.6,28.4,32.5,37.1,17.1,7.7
"206",1989-06-03,11.3,0.9,120.5,82.1,74.3,191.9,154.6,174.1,76.9,14.2,83.2,101.6,241.4,51,30.4,145.8,163.3,118.2,32.1,61.4,0,0,62.1,131.9,51.2,144.7,3.6,0.5
"207",1989-06-18,0,0,189.4,67.1,167,153.9,80.2,128.3,256.2,4,1.1,156.7,271.6,119.7,159.3,83.6,177.1,202.1,0,107.9,0.7,0,72.9,157.2,49,125.9,3.9,0
"208",1989-07-03,0,0,60.3,69.6,116.5,101.8,167.6,112.5,67,7.3,12.5,86.1,48,98.2,84.1,124.3,144,167.4,111.5,64.7,0,0,32.2,62,124.4,112.3,5.2,0
"209",1989-07-18,4.4,0,67,4.8,0.6,39.6,1,33.8,67.1,8.3,12.9,10,2.5,33.9,5.4,117.4,63.7,57.7,94.1,0,0,0.5,5.3,43.3,99.9,140.9,1.2,0
"210",1989-08-02,0,0,25.9,0,22.1,51.6,0.9,42.3,22.8,30.9,0,94.2,11.1,8.2,0.3,82.8,49.2,13.8,64.9,0,0,0,5,172.4,160.1,51.1,7.2,67.9
"211",1989-08-17,4.3,0,113.1,11,31.4,95.7,72,114.7,117.5,16.6,24.3,88,121.9,139,38.3,219.1,107.6,92.8,70.1,9.6,0,0,62.3,108.5,102.9,103.9,1.4,2.4
"212",1989-09-01,19,0,143,11,26.7,41.1,7.6,267.1,43.1,17.1,0,43.3,32.9,31.8,42.9,354,104.5,77.2,31.5,2.4,0,0.6,0,377.6,121.8,95,13.4,4.8
"213",1989-09-16,4.5,0,138.2,34.7,170.7,101.1,37.2,80.9,120.6,85.5,1.2,62.4,20,44.9,87.6,164.3,110.4,99.6,90.1,13.3,0,0,67.7,118.2,121.7,83.1,9.5,0
"214",1989-10-01,40.9,0,104.6,36.1,64.1,99.2,82.3,159.9,106.1,49.7,6,82.7,141.2,90.6,0,75.6,169.7,149.3,64.9,64.9,1.5,14.3,91.2,67.6,52.1,134.1,10.7,2.6
"215",1989-10-16,39.6,0,81.7,50,100,22.1,4.9,19.3,62.8,48.3,30.4,65.2,65.1,147.9,0,44.8,104.7,58.3,97.3,34.6,0,3.8,59.8,3.5,0,33.3,28.3,33.9
"216",1989-10-31,32.4,0,0,1.3,19.6,12.4,6.9,0,24.7,37.1,5.8,81.4,11.2,98,0,0,1,25.2,85.7,0,0,2.5,69.6,0,0,12.5,24.9,5.7
"217",1989-11-15,92.7,36.7,39.5,3.1,105.7,24.2,36.6,0,53.4,160.7,2.5,33.3,28.5,62,0,0,19.1,9.5,60.6,3.6,43.1,45.8,25.2,0,0,40.5,50.2,20.9
"218",1989-11-30,78.4,94.3,0.7,0,37,11.4,0.6,0,33.3,52.9,18.8,1.8,6.2,145.2,0,0,13.5,37.3,55.8,0,66.4,126.4,13.9,0,0,0,50.4,78.5
"219",1989-12-15,49.9,97.9,7.5,0,3.3,4.2,0.7,0,9.9,92.7,88.3,27.9,5.6,0.1,0,0,6.8,0.3,56.6,0,144.5,159.3,0,3.5,34.3,0,93.4,32.8
"220",1989-12-30,130.5,101.5,17.3,0,16,0,0.7,0,5.1,73.9,1.6,4.6,5.4,21.4,0,0.2,3,2.2,108.4,0,52,86.4,1,0,0,1.1,107.7,45.2
"221",1990-01-14,18.3,48.3,16.2,9.6,1.8,14.6,0,0,0,4.8,232.9,0,23.9,2.5,0,0,0,19.5,16.3,1.4,12.7,68.3,0,0,0,18,5.2,6.8
"222",1990-01-29,33.3,41.8,0,0,0,0.7,1.5,0,0.5,11.8,177.8,0,2.8,0.5,0,0,0,6,1.6,0,0,37.9,2.3,0,0,3.3,7.9,22.6
"223",1990-02-13,172.8,98.4,67.9,6,58.2,35.8,5.9,2.3,49.8,104,212.8,44.2,39.9,31.9,0,0.7,29,87.5,40.5,16,143.8,121.8,11,91.2,0,27.2,108.4,188.9
"224",1990-02-28,107.6,57.3,3.3,0,5.1,0,6.3,0,0,108.8,80.6,5.6,0.5,1.2,0,0,0,1.4,152,0,188.9,45.4,7.4,0,0,0,134.8,209.3
"225",1990-03-15,107.3,82.2,104.3,0,9.9,1.9,27.5,0,44.4,74.6,106.5,45.4,9,28.5,0,0,0,11.5,86.7,0,3.2,30.8,0,0,0,43.4,64.8,10.1
"226",1990-03-30,159.7,95.9,20.7,8.5,66.4,70.2,38.1,41.2,66.2,165.2,48.9,25.9,31,56.6,0,27.9,34.3,89.5,177.6,8.3,67.4,77.7,8.4,26.9,17.6,37.1,128.7,84.9
"227",1990-04-14,12.8,9.5,177.8,82.2,79.2,163.7,42.9,84.8,70.1,115.2,32.6,103.2,86.7,102.8,0,5.7,84.9,115.9,104.3,75.9,51.1,4.9,27.8,1,41.2,152.1,58,79
"228",1990-04-29,82.9,7.5,55.9,86.3,122.7,79.3,27.5,89.1,35.8,37,51.6,126.8,64.7,40.4,0,21.9,75.3,53.2,65.6,99.2,0,18.9,152.9,121.2,49,56.6,33.5,13.7
"229",1990-05-14,17.3,7.9,54.6,29.2,22.6,28.9,38.4,55.1,107.2,30.8,154.1,48.3,185.8,23.3,0,32.7,7.3,28,19.9,16,0,2.4,21.5,26.8,43.9,97.5,15.2,0
"230",1990-05-29,0,0,47.9,15.2,56.2,72.5,26.4,67.7,27.9,12.6,17.4,56.1,126,35.2,0,80.7,58.9,26.7,32.4,30.4,0,2,20,28.6,30.9,20.5,2.7,0
"231",1990-06-13,3.5,0,83.4,111.9,85.4,70.5,227.9,80.1,209.3,0.7,78.5,94.2,188.8,176.2,0,98,118.6,221.9,30.8,74.9,0,1,72.4,39,56.9,158.5,1.7,0
"232",1990-06-28,0,0,5.5,27,49.8,109.4,11.2,67.5,60.2,2.5,5.9,70,30.1,135.5,0,55.2,10.1,96.7,55.5,19.6,0,0,91.6,70.7,89.2,81.1,0,0
"233",1990-07-13,2.2,0,20.2,13.3,1.1,5.7,13.3,152.6,31.8,6.7,110.4,14.5,23.6,3,0,84.3,28.7,16.3,27.4,0.5,0,0,7.2,26,108.8,32.5,3.8,6
"234",1990-07-28,0,0,0.8,0.2,1.6,3.7,2,16.8,3.3,7.2,0,1,4.4,1.7,0,136.9,0,26.3,60.5,0,0,0,0,118.8,72.7,23.1,1.2,0
"235",1990-08-12,0.6,0,13.8,0,0.5,14.1,6.2,50.3,10.9,22.4,2.6,5.7,9.5,3.1,0,73.6,79.8,11.9,60.6,0.1,0,0,12,92.7,93,13.2,4.6,0
"236",1990-08-27,10.6,0,65.9,5,11.2,91.3,1.8,108.3,11.2,15.7,0,58.8,15.3,42.1,0.3,100.3,64.3,17.3,39.5,10.8,0,0,16.5,127.9,72.3,54.9,1.6,0
"237",1990-09-11,15.6,0.5,121.3,19.9,78.9,96.8,3.5,93.8,24.6,20.3,0.1,52.4,23.5,75.5,29.5,105.4,222,143,2.8,28.4,0,0.5,77.9,177.9,122.7,78.9,1.6,0
"238",1990-09-26,11.9,0,91.5,19.8,21.6,77.6,38.2,78.9,45.8,29.1,0,29.2,91.7,101.2,6.2,25.4,11.9,143.3,22.6,12.4,0,0,0,55.7,81.8,106,19.8,25.1
"239",1990-10-11,28.2,0,66.3,10.9,45.9,80.6,35.8,30,6.5,56.3,0,105.7,59.5,59.9,51.8,66.8,16,38,69.3,19.1,0.7,0.5,57.4,23.5,2.1,52.6,3.1,0.3
"240",1990-10-26,38.2,0,30.4,19.4,37.1,11.3,84.6,0.5,10.5,94.4,0,34.1,31.6,43.5,16.8,0,9,18.7,111.8,10.6,1.4,15.2,24.7,0,14.7,15.8,16.1,33
"241",1990-11-10,37,23.5,59.1,0.5,58.1,34.1,29.6,15.8,9.9,19.7,15.1,68.4,64.8,103.3,62.9,0,53,30.3,17.1,4.7,5.6,0.6,15.2,8.9,4.1,52.2,84,30.2
"242",1990-11-25,58.2,41.5,18.4,25.8,2.6,5.3,10.4,3.3,55.3,20.9,2.5,20.4,118.1,27.1,28.9,0,27.8,13.5,23.9,9.3,0.9,42.2,35,0,0,17.8,70.1,21.2
"243",1990-12-10,141.6,12.2,76.7,77.2,82.6,99.7,54.2,13.6,119.5,61.5,4.8,128.4,152.9,67,79.1,23.8,96.5,91.3,34.6,105.3,0.6,118.8,50.3,33,2.5,53.5,82.8,34.3
"244",1990-12-25,56.3,186.5,0,0,0,0,0,0,0,104.5,1.7,0,0,0,0,0,0,0,3,0,10.7,105.2,0,0,0,0,3.5,2.1
"245",1991-01-09,25,213.3,47.7,0,0,0,0.1,0,38.8,13.1,1.2,2.6,60.4,39.9,0,0,0,15.7,2.8,0,31.9,47.1,0,0,0,0,0.5,0
"246",1991-01-24,49.5,251.6,7.1,13.1,28.2,8.2,15.5,0,37.8,41.1,0,33.1,22.8,28.5,29.5,0,0,31.7,29.5,5.7,125.9,94.1,30.8,0,0,37.8,103.3,26.2
"247",1991-02-08,71.7,19.5,39.5,0,1.6,32.9,41.7,4.8,5.4,98.1,27.6,2.1,36.5,38.4,7.4,0,17.7,31,11.4,11.2,119.9,79.6,0,0,3.3,45,4.1,1.1
"248",1991-02-23,57.1,56.3,64.8,5.5,13.2,47.2,0,53.1,62,28.9,36.1,25.7,29.7,2.8,27.2,22.4,53,27.8,1,6.1,47.5,39,10.4,41.8,0,56.7,12,0
"249",1991-03-10,30.5,114.4,36.1,52.2,53.9,46.8,35.5,11.5,83.6,31.2,73.7,55.6,23.6,32.4,0,119.8,62.8,37.5,35,4.7,4.6,29.8,11.6,44.8,18.1,113.8,29.8,12.4
"250",1991-03-25,26.1,230.6,74,99.7,98.6,114.3,69.8,16.9,190.2,105.2,18.2,78,21.7,66.3,31.5,20.6,76.4,132.8,147.2,90,75.8,143.6,48.8,35.1,0,47.3,109,62.3
"251",1991-04-09,41.5,92.1,43.4,45.7,66,62.2,63.6,114.6,16.2,69.9,149.4,54.7,86.4,109.4,28.5,69,106.1,54.4,39.2,45,19.4,34.3,53.9,35.9,37.1,32.5,57.3,37.9
"252",1991-04-24,89.3,0,52.5,30.5,46.2,47.9,70.9,94.3,45.3,55,135.5,31.4,59.8,133.3,25.5,50.5,48.1,70.4,23.4,41.9,0,18.1,10.8,59.8,40.1,84.9,43.7,27.1
"253",1991-05-09,66,7,228.6,154,155.6,143.4,194.7,205.6,152.8,45.4,128.2,74.7,172.5,129.1,116.1,118.4,237,174.7,61.7,91.9,0,6.8,192.9,97.4,34.6,121.6,42.2,50.3
"254",1991-05-24,109.5,1,85.7,162.6,150.2,210.3,135.4,163.2,110.6,60.2,155.8,179.5,158.2,111.2,80.8,134.2,105.5,205.2,73.4,121.7,0,0,370.3,241.7,112.3,143.2,9.6,3.7
"255",1991-06-08,13,0,94.2,48.7,73,117,51.9,78,134.4,49,65,115.4,74.6,116.1,16.4,81.5,57.2,81.1,89.3,29.8,0,0,63.5,25.8,21.1,134.7,2.9,0
"256",1991-06-23,2.8,0,121.9,87,95.1,61.9,194.3,65.5,252.1,12.1,99.1,82.4,465,125.7,79.3,57.6,40.4,177.8,96.9,122.4,0,0,84.2,87,59,104,0,0
"257",1991-07-08,0,3.9,21.1,207.4,73.2,53.6,60,114.2,154.7,35.7,0,177.2,206.1,66.1,128.5,79.1,153.6,132,26.5,98.6,0,0.4,196.3,91.1,59.7,55.8,0,0
"258",1991-07-23,7,0,45.3,6,24.6,40.5,82,67.1,72.4,5,12.9,29.8,66.4,123.6,6.1,114.3,61.8,42.8,13.4,2.1,0,0,17.6,169,79.5,144.8,5.4,16.2
"259",1991-08-07,0,2.6,14,16.5,21.3,31.3,13.6,175.3,53,7.3,0,30.9,72.3,50.1,14.1,112.6,94.6,41.9,126.8,10.3,0,0,18.7,104.7,184,74.8,7.1,6.6
"260",1991-08-22,2.2,0,97.5,4.6,15.2,92.1,6.1,86.5,21,11.7,5.9,15,24.6,29.5,0.3,170.4,10.8,39.8,64.2,1.6,0,0,2.3,240.5,136,135.2,0.5,0
"261",1991-09-06,42.6,0,41.3,9.8,37.9,46,5,65.3,87.1,3.3,13.3,34.2,28.9,73.8,36.6,139.7,61.4,39.1,30.9,23,0,0,18.5,106.1,81.1,105.4,1.4,0
"262",1991-09-21,0,3.2,25.6,0.2,6.6,45.8,1.4,181.7,7.4,20.1,83.2,1,8.2,16.8,6.1,102.8,47.4,74.4,38.3,0,0,7.3,3,155.2,26.7,81.5,0,0
"263",1991-10-06,73.5,0,87.7,58.7,142.5,114.5,51.1,40.2,7.6,70.9,0,86.4,21.7,90,93.2,70.4,81.2,93.3,27.3,58.6,0,15.7,46.5,38.1,44.6,136.3,19.3,25.1
"264",1991-10-21,42.8,0,30.7,5.4,6.9,46.5,77,0.3,14.1,76.1,0,2.5,61.9,56.7,7.7,24.3,64.8,83.9,42.4,0.5,0,8.5,3.7,8.2,1.8,46.7,5.9,28.2
"265",1991-11-05,17.2,32.4,9.7,0.6,36.9,1.3,19.7,0,108.2,54.7,7.1,95.7,21.9,43.7,3.2,0,1.3,20.9,47.8,0.1,0,3.1,23.4,0,0,0,18.6,8.5
"266",1991-11-20,192.7,32.8,7.4,0.1,24.9,51.5,9.5,23.9,121.6,32.5,3.2,20.5,44.3,46.1,7,0,27.2,49.2,22.3,0,2.9,2.9,5.4,0,0,62.3,40.6,43
"267",1991-12-05,49.6,100.4,0,0,0,0,0,0,0,32.2,38,0,0.8,0,0,0,0,0,15.7,0,67.4,68.4,0,0,0,0,81.2,66.2
"268",1991-12-20,28.5,137.7,0,0,0,0,0,0,0,41.9,10.3,0,0,0,0,0,0,0,23.1,0,60.4,148.9,3.3,0,0,0,55.3,24.2
"269",1992-01-04,83.5,50.5,0,0,0,0,0,0,0,7,7.4,0,0,0,0,0,0,0,3,0,6,70.8,0,0,0,0,20.7,0.1
"270",1992-01-19,64.2,83.4,3.6,0,0,0,0,0,0,4.4,107.6,0,14.5,0,0,0,3.2,0,5.6,0,1,78.2,0,0,0,0,0,0
"271",1992-02-03,36.1,113.2,0,0,0,0,0,0,3.3,30.3,73.1,0,0,5.9,0,0,21.6,49.8,5.7,0,169,116.9,0,0,0,0.8,59.6,4.8
"272",1992-02-18,18.3,82.5,33.2,0,0,9.4,0,9.1,43.9,10.1,195.8,0,0,0,0,32.2,25,4.6,0.3,0,74.6,77.1,0,35,0,20.3,20.7,7.7
"273",1992-03-04,71.7,190.3,8.4,73.4,35.4,18.9,36.6,0,16.9,2.8,0.7,32.1,17,56.8,12.4,0,0,75.3,3.4,26,17.8,88,20,0,0,61,17.4,0.4
"274",1992-03-19,38.4,65.3,67.6,19.8,23.1,25.8,13.4,1,57.6,39.1,84.5,10.9,32.8,12,56.4,4.5,9.4,20.5,9.2,9.7,67.9,82.7,12.6,0,6.6,12.5,50.1,8.5
"275",1992-04-03,108.1,28.5,85.3,62.3,39.1,64,110.5,13.5,89.8,98.4,121.2,51.5,75.1,81.5,49.2,56.3,115.9,92.7,68.5,35,32.8,17.3,15.1,27.8,131.8,130.5,170.5,129.5
"276",1992-04-18,52.7,0,39.7,4.1,15.9,19.6,3.3,3,45.7,44.2,80.6,53.4,47.4,38,1,26.5,91.6,33.2,129.8,0,11.2,13.8,15.4,21.2,1.5,35.5,130.2,50
"277",1992-05-03,68.7,12.3,89.7,62.2,130.6,32.2,171.3,52.1,68.7,41,76.7,78.3,157.6,62.8,114.4,68.9,40.3,90.5,84.3,113.5,0.7,49.9,52,47.2,19,64.8,29.2,9
"278",1992-05-18,4.9,0,59.2,108.5,121,68.1,99.8,47.1,161.8,17.8,45.1,177.3,503.3,124.1,56,33.2,195.6,91.7,33.3,143.1,0,0,71.4,38.9,116.2,112.1,31.9,32.6
"279",1992-06-02,2.3,3.9,57.8,69.2,19.8,44.8,195.3,74.2,61.3,21.7,146.2,35.2,238.8,76.3,17.7,80.6,105,27.8,83.5,69.6,0,0,11.6,52.7,104.4,58.9,3.1,0.4
"280",1992-06-17,11.2,0,74.7,23.7,26.9,28.6,13.2,14.5,34.7,22.3,32.8,19.6,3.7,93.4,21.8,19.6,40.9,26.6,93.7,8.1,0,0,19.7,66.9,17.8,61.8,0,0
"281",1992-07-02,2.2,0,19.6,27.9,76.5,24.7,28.9,80.4,73.9,31.4,21.3,97,76.3,63.5,4.5,121.4,74.5,50.3,85.5,4.3,0,0,12,89.2,94.2,28.2,3.6,0
"282",1992-07-17,0,0,59.6,27.8,6.4,28.3,35.2,36.2,98.6,29.2,9.5,41.6,17.2,61.3,1.6,84.9,28.6,87.1,58.4,20.2,0,0,16.9,27.5,84.3,13.6,2.8,0.4
"283",1992-08-01,2.4,0,1.5,0.6,0.8,7.2,0.3,24.6,7.7,5.4,2.2,6.6,0.6,3.1,0.3,14,8.5,3.8,56.4,0,0,0,6.6,16,65.1,10.4,1.9,0
"284",1992-08-16,0,0,28.9,7.9,4.1,2.2,2.6,57.5,75.9,6.8,0.1,2.3,3.6,45.9,3.1,49.3,5,8.5,62.5,1.6,0,0,0,25,74,42.5,2,0.5
"285",1992-08-31,3.7,0,121.7,1.5,6.8,46.2,7.1,129.9,60,21.6,0,39.3,12,27.1,7.3,114.7,89.5,30.9,107.4,2.7,0,0,10.7,115.3,145.7,93.4,0,0
"286",1992-09-15,1.7,0,183.3,6.7,30.1,107.5,37.1,151.2,130.2,17,12,130.4,94.8,73,41.6,104.8,169.7,47.9,5,1.9,0,0,170.3,68.1,25.5,158.2,1.6,0
"287",1992-09-30,30.5,0,51.8,21.5,137.9,46.9,10,40.7,39.6,34.1,8.3,85.8,23.4,104,90.8,75.6,70.8,77.4,89.7,14.1,0,0,17.7,41.6,57.4,173.5,1.8,0
"288",1992-10-15,51.2,0,5.2,13.6,9.9,74.1,158.6,25.9,50.6,51.1,8.8,65.4,275.7,44.9,16.5,11.3,42.6,45.6,36,2.2,0,3.5,51.9,0,11,48.6,30,3.6
"289",1992-10-30,37.5,0,32.8,23.1,62,51.7,69.7,61,102.6,29.8,6.6,30.7,123.4,81.6,32.1,19.8,148,28.6,63.7,5.9,0.3,4.3,57.5,22.9,16,82.4,12.8,8.1
"290",1992-11-14,109.3,134.2,32.8,3,34.3,6.6,4.4,0,22.8,65.5,15.7,24.9,63.3,68,29.6,0,0,84.9,34.8,0,42.4,70.4,72,0,0,32.8,60.4,57.1
"291",1992-11-29,147.9,4.2,7.1,0,3.1,49.6,42.2,0,47,42,22.6,29.7,51.2,11.1,2.9,0.1,0,7.1,74.8,0,0,2.1,16.5,0,0,29.2,60.6,42.4
"292",1992-12-14,34,101.4,0,0,0,0,4.1,0,22.3,87.3,16.8,16.8,15.6,31.3,24.7,0,0,50.1,22.6,0,63.4,135.7,0,0,0,0.3,95.5,22.4
"293",1992-12-29,76.1,74.6,2,20.8,0,51.7,0.8,0,5.1,50.2,6.9,3.5,28.6,0.2,30.5,0,0,0,29.7,0,57.7,123.9,8.1,0,0,0,22.6,17.3
"294",1993-01-13,75.9,80.3,0,0,0,0,0,0,0,66.3,8.9,0,0,0,0,0,0,0,107.1,0,122.1,183.8,0,0,0,0,89.6,66.3
"295",1993-01-28,47.6,198.9,13,1.7,0,9.2,15,0,3.3,24.7,3.2,19.1,17.8,33.8,0,0,0,2.6,171.7,5.8,148.5,80.6,29.3,0,0,0.3,88.6,19.2
"296",1993-02-12,37.9,141.2,24.7,4.1,59.9,19.5,55.3,0,63.7,40.6,43.4,28.3,17.3,2,14,0,19.1,65.8,5.9,0.1,23.2,68.7,11.1,22.4,1.5,17.6,22.8,6
"297",1993-02-27,69.2,136,104.5,2.4,19.1,15.4,33.7,5.1,40.5,14.2,87.4,16.8,124.5,40.9,6.7,12.1,187.9,78.9,0,1.8,15.1,48.9,17.2,10.4,54.6,94.6,45.4,15.6
"298",1993-03-14,49.6,177.8,23.4,1.8,17,45.4,11.3,43.7,53.1,29.5,81.8,0,6.1,70.2,20.8,11.8,95.1,20.3,5.3,39,55.3,100.2,12.4,12.2,3.1,4,31.3,11.8
"299",1993-03-29,87.1,59.6,86.8,4.4,52.3,65.7,3.1,85.9,167.7,40.5,99.8,49.8,56.4,95.6,28.2,0,10.4,232,17.2,21,0,141.1,28.7,0,0,87.5,5.9,0.5
"300",1993-04-13,61.5,57.5,70.9,93.9,99.1,94.7,167.6,73.6,76,119.9,163,58.7,218.6,105.1,76.3,50.4,58.6,96.1,59.9,48.5,38.4,14,39.6,5.2,68.1,12.1,43.2,60.8
"301",1993-04-28,56.1,6.8,158.15,16.3,15,73.4,20.3,62.3,28.5,113.8,95.4,44.9,38.6,38.9,41.5,102.1,156.2,20.7,106.5,7.8,0,18.4,3.4,58.9,63.5,68,25.3,19.4
"302",1993-05-13,11.7,21.5,36.3,14.4,39.9,6.5,102.6,35.5,38.9,97.1,76.7,46.8,66.9,33.5,66.7,17.3,30,27,32.9,17.5,0,3.6,15.4,16.1,58.2,109.6,19.8,22.9
"303",1993-05-28,0,0,225.4,71.2,100.3,55.8,72.2,21.9,110.6,38.1,103.2,115.4,259.9,137.1,97.5,126.5,107.2,128.7,82.6,172.4,0,0,188.5,30.4,27.6,153.4,6,0
"304",1993-06-12,6.6,0,54.1,28.5,71.8,19.1,302.5,20.6,67.9,39.9,52.8,39.2,604,124,52.6,72.1,48.6,42.5,52.1,35.2,0,0,12.8,78,67.3,72.7,0.3,0.3
"305",1993-06-27,0,0,88.8,4.1,55.1,141.1,9.5,52.4,211.9,0.9,26.4,164.3,46.9,140.4,74.1,53.9,79.4,95.9,16.8,7.2,0,0,2.5,46.8,110,86.8,2.8,0
"306",1993-07-12,0,0,3.2,0,2.5,2.6,0,43.9,16.3,3.6,9.4,3.8,3.3,2.3,0,52.4,0,17.8,38.1,0,0,0,0,176,123.9,19,0.8,0.7
"307",1993-07-27,5.2,0,37.9,2.1,36.8,48.1,4.1,91.1,63.2,10.5,0,16.3,10.9,28.3,12.3,177.1,5.9,74.7,32.5,0,0,0,35.9,148.6,79,114.5,3.5,0
"308",1993-08-11,4.2,0.7,54.8,14.2,63.2,73,22.5,162.5,22.4,24.9,21.5,51.9,1.3,24.3,17.4,205.4,18,43.4,21.7,12.5,0,0,18.2,109.9,183.2,41.6,0,0
"309",1993-08-26,4.3,0,28.9,3.5,26.1,46,17.7,132.6,96.1,10.4,1.8,93.2,22.6,91.4,56.5,159.3,59.5,79.1,36.2,54,0,0,29,87.3,115.3,56,2.8,23.3
"310",1993-09-10,0,0,117.3,54.2,118.8,162.7,74.7,121.8,80,4.1,1.1,37.1,8.5,121.2,77,40.6,180.4,114.2,10.6,7.3,0,0,39.8,103.3,64,161.6,0,0
"311",1993-09-25,5.7,9,113.8,35,55.2,107.6,72.4,68.5,81.3,8.3,0.4,110.5,340.2,112.1,34.2,68,43.2,65.7,20.3,0.9,0,0,47.8,42,36.7,96.2,0,24.9
"312",1993-10-10,2.1,0,172.8,15.8,64.9,59.2,28.8,20.9,29.8,24,0,90.2,132.1,94.4,87.2,17.9,28.3,88.9,22.2,0,37.3,0,32.7,13.6,11.9,158.8,49.3,0.9
"313",1993-10-25,47.4,0,4,12.4,13.7,16,15,9.9,90.5,47.8,3.5,15.9,65,88.2,2,0,24.8,51.2,56.6,3.4,5.6,20.6,22.9,0.4,21.6,83.2,1.6,0.8
"314",1993-11-09,44.5,18.8,21.9,31.1,50.8,54.4,73.3,0,47.8,31.1,6.8,21.8,116.3,50.8,10,0,26.9,71.9,21.1,22,0,22.1,69.9,0,0,27.2,1.2,8.1
"315",1993-11-24,89.5,0,56.9,70,48.2,69.4,88.3,74,104.7,25.5,17.8,65.1,138.2,42.1,12.1,5.6,32.9,65.4,37.2,53.7,0,3.8,24.2,30.2,0,68.9,26.4,4.4
"316",1993-12-09,81.9,34,0.3,7.6,0,0,1.9,0,9.1,7.4,131.7,0.5,31.5,0.5,9.5,0,0,10.1,29.5,2.5,0,16.6,0,0,0,0,12.2,0
"317",1993-12-24,13.4,160.9,0,0,0,0,0,0,0,9.8,3.4,0,0,0,0,0,0,0,1.8,0,127.2,67.2,0,0,0,5.8,3.1,4.7
"318",1994-01-08,88.5,112,0,0,0,22.2,4.6,4.8,2.8,101.6,20,21.4,113.9,25.7,25.4,0,0,22.8,0.3,9.3,95.7,104.3,31,0,0,2.3,78.3,15.7
"319",1994-01-23,97.9,120.2,0,0,1.5,1.9,34.6,0,1.3,18,43.9,3.3,9.4,0,17.4,0,0,1.7,0,0,24.8,134.8,0,0,0,0.5,8.8,0
"320",1994-02-07,30.3,146.1,6.5,7.1,3.5,36.4,28.4,0,2.5,80.7,50.5,16.9,10.7,2.3,6,0,2,3.1,39.9,23.7,155.7,129.5,16.2,0,0,13.9,131.9,45.5
"321",1994-02-22,23.3,186.4,4.2,13.5,78,22.6,18.2,0,2.5,65.6,0,25.6,61.6,88.8,21.7,0.6,3.3,71.2,24.9,3.8,8.8,88.3,68.2,0,0,10.3,48.6,7.6
"322",1994-03-09,110.8,165.2,25.4,39.2,83.1,33.9,40.6,7.2,7.3,89.7,13.4,112,25,68.1,52.1,9.2,64.9,43.1,6.4,30.2,19.4,81.4,7.6,35.4,46.4,82.3,15.9,16.1
"323",1994-03-24,22.8,42.9,44.8,6.1,85.6,43.3,8.3,35.8,1.3,78.8,161.3,42.6,80.9,42.7,6.6,17,49.9,86.4,56.7,32.2,26,49.2,60,40,3.8,50,76,59.6
"324",1994-04-08,88.5,35.5,81.5,0,25.2,5.2,5.7,16,3.6,55.2,118.8,61.3,30.7,144.7,22.2,28.6,28.1,51.9,82.3,0.2,3,35.3,0,41,15,139.9,28.4,7.9
"325",1994-04-23,108.9,1,158.4,11.2,12.8,66,58.1,31.1,13.2,111.9,105.6,80.9,167.9,70.8,127.4,75.2,70,92.1,117.1,22.4,1.4,3.8,117.5,112.8,5.9,174.1,95,33.8
"326",1994-05-08,12.3,0.2,99,51.4,101.4,107.7,74.7,48.5,9.6,22,38.8,81.5,62.1,46.9,96.6,10.6,25.2,99.8,2.6,58.8,0,7.4,52.2,39.8,82.2,119.5,67.6,108.9
"327",1994-05-23,23.3,0,118.3,145,95.1,93.9,190.6,77.1,7.5,26.5,101.9,98.8,168.6,108.9,114.1,93.8,89.1,83.9,41.3,95.4,0.2,0,74.4,57,26.4,80.7,3.6,1.2
"328",1994-06-07,0,0,33.2,46.9,84.1,16.9,123.4,35.1,4.9,26.4,26.5,47,278.2,126.4,2.9,75.5,63.3,47.4,95.5,91.5,0,0,30.8,87,43,66.2,3.9,0
"329",1994-06-22,4.5,1.4,53.5,59.7,46.4,28.8,50.1,53.6,5.4,7.4,75.7,66.9,283,52.8,48.2,103.9,33.5,45.7,33.5,22,0,0,12.2,79.3,55.7,68.1,5.4,1.5
"330",1994-07-07,0,0,44.8,8.6,34.3,28.8,47.3,21.2,1.7,8.6,0,57.7,35.8,29.3,5.7,71.5,0,45.7,24.2,1,0,0,68.4,88,70.8,20.3,0,0
"331",1994-07-22,0,0,8.6,10.3,0,27.6,18.3,60.3,2,1,0,15.5,28.5,19.3,1.7,15.6,12.5,9.7,16.1,2.5,0,0,15.9,78.1,91.5,34.5,2.7,4.2
"332",1994-08-06,0,0,7.5,4.2,13.5,30.9,3.8,51.2,4.8,28.8,0,13.8,5.2,7.4,26.3,78.9,44.1,10.1,126.9,4.1,0,0,12.6,79.4,162.2,40.1,3.4,0.3
"333",1994-08-21,4.5,1.7,115.7,14.3,40.3,111.1,115,64,62.7,12.9,0,94.2,78.9,95.6,5.3,128.6,59.1,104.7,30.5,3.3,0,0,31,64.7,125.8,138.8,1.6,0.7
"334",1994-09-05,2.2,0,14.3,1.5,7.6,5.6,8.2,162.4,61.9,5.5,0,26.5,24.6,48,6.6,206.5,14.8,6.8,29.7,3.6,0,0,20.5,135,116.5,68.2,0,0
"335",1994-09-20,18.3,0,101.1,27.4,83,78.8,47.4,95.7,84.4,31.6,7.9,42.1,75.4,54.9,51.4,155.4,74.9,66.9,21.9,49.1,0,2.2,64.8,93.4,99,142.5,4.9,6.1
"336",1994-10-05,22.1,4.2,61.4,51.9,119.8,157,135.9,111.9,11.3,57.1,0,131,295.4,121.9,137,72.8,199.1,76.9,17.6,27.1,0,0,144.3,35.1,82.4,170.4,5.3,7.3
"337",1994-10-20,87.7,1.9,99,23.1,44.8,53.6,69.4,123.2,6.1,37,0,89,175.8,112.9,62.2,33.5,51.9,77.5,52.5,5.8,0.2,0,32.1,92.9,42.5,91.3,62.7,7
"338",1994-11-04,16.2,1.6,33.9,6.1,75.8,17.8,58,0,4.1,95.9,0,115.3,169.8,46.8,60.8,0,32.9,44.6,104.2,10.3,0,1.5,92.5,0,0,53,22.6,69.6
"339",1994-11-19,74.7,28.5,0,20.4,10.2,0,19.2,0,2.4,51.6,40.3,28.4,85.6,7.2,20.3,0,0,6.3,58.5,4.4,0,34.9,70.3,0,0,0,43.1,1.4
"340",1994-12-04,89.9,82.5,0,0,0,0,0,0,0,56,0.5,0,49,0,0,0,0,0,17.7,0.4,37.9,37,0,0,0,0,102.4,55
"341",1994-12-19,103,60.4,0,0,0,0,13.1,0,0,5.5,6.6,0,22.6,4.2,0,0,0,0,0,0,46.1,79.7,0,0,0,0,139.1,10.1
"342",1995-01-03,15.1,141.7,0,0,0,0,0,0,0,43.3,7.2,0,0,0,0,0,0,0,1.8,0,88.6,90.3,0,0,0,0,49.3,4.9
"343",1995-01-18,115.4,183.2,0,0,0,0,0,0,0,6.6,25.6,0,0,0,0,0,0,0,0,0,122,126.7,0,0,0,0,13.1,0
"344",1995-02-02,49.4,131.5,0,25.9,0,12.3,19.7,0,0,70.1,27.3,0.5,0,0.4,0,0,0,0,55.5,0,24,107.9,0,0,0,0,96,44.4
"345",1995-02-17,57.9,154.2,7.1,1.6,7.6,32.8,6.5,3.1,65.1,8.1,59.4,13.5,37.2,104.8,0,0,8,38,48,0.2,85.3,191.4,0,1.8,0,26.1,22.2,62.3
"346",1995-03-04,24.7,131.9,106.5,148.5,86.9,72,93.1,6.9,79.7,109.5,64.4,65.2,106.9,71.6,75.7,51.9,62.4,152.2,48.9,139.6,116.4,85,78.2,0,17.3,92.7,98.3,19.8
"347",1995-03-19,72.8,73.9,14.7,7.2,22,30.2,18.8,53.1,64.6,32.5,86.6,28.7,19.1,27.9,22.5,35.1,15,4.6,42.1,25.5,5.6,87.1,9.4,2.9,3.3,10.7,4.9,1.8
"348",1995-04-03,77.8,33.2,39,18.4,23.4,54.9,81.8,50,114.3,110.6,249.9,94,73.7,111.8,2.4,32.1,139.2,99.2,83.9,16.1,0,13.9,44.8,16,20,126.8,112.2,14.1
"349",1995-04-18,91.4,0.5,191.6,81.3,172.1,88.1,77.5,44.1,144.1,109.4,99.3,211.6,112.7,78.6,40.4,27.7,90.2,184.6,120.3,123.6,0.2,22,89.1,14.7,33.3,139.9,127.6,49.1
"350",1995-05-03,39.7,4.8,81.3,45.2,6.2,49.1,19.9,21.4,42.3,99.8,75.6,43.7,57.2,26.2,68.9,80.7,82.8,28,23.8,26.1,3.8,0,18,81.3,43.5,47.7,58.7,14.3
"351",1995-05-18,0.8,0,56.7,32.6,36,89.8,103.3,17.3,73.3,29.6,185.4,81.2,204.6,61.3,15.5,45.5,93.3,105.7,21.5,67.3,1.3,0,33.6,40,85.1,121.1,70.8,28.2
"352",1995-06-02,20.7,0,44.6,120,178,87.5,271.7,82.1,75.5,9.9,91.1,112.3,351.5,159.6,63.2,49.1,89.7,179.3,17.7,123.5,0,0,114.6,95.9,39.6,78.8,0,0
"353",1995-06-17,0,0,110.5,159.3,117.6,77.6,63.5,56.7,78.8,34.6,151.6,141.2,94.6,86,77.4,52.7,71.8,119.3,105.8,128.5,0,0,173.9,11.3,79.6,95,7.1,0
"354",1995-07-02,2.1,0,99,250.1,140,107.1,157.2,136.3,61.8,16.4,0.5,72.2,138,47,74,90.1,48.5,99,40.5,138.5,0,1.2,84.2,48.3,117.3,121.9,3.8,0
"355",1995-07-17,0,0,37.6,22.8,55.9,102.7,13,98.1,65.7,5.1,94.6,13.8,10.5,72,5.9,93.4,67.3,94,17.8,1.7,0,0,15.4,35.5,91.5,111.1,0,1.6
"356",1995-08-01,0,0,51.2,6.9,4.9,41.7,9.7,42.4,12.7,8.1,8.4,16.1,6.2,31.6,3.3,251.3,38.8,12.3,43.7,2.4,0,0,13.3,171.6,203.9,62.5,8.6,6.4
"357",1995-08-16,1.3,4.3,96.7,4.6,144.4,125.1,73.4,35.6,123.6,3.4,3.9,54.6,38,85.9,14.9,142.9,78.8,104.5,22.6,8.5,0,0,29.9,155.7,143.4,109.7,10.6,5.5
"358",1995-08-31,2.1,0,67.6,0.1,49.1,118.9,6.3,85.1,31.9,40,0,25.4,3.8,30.9,44.1,84,69.1,15.4,72.9,1.1,0,0,13.6,43.8,95,70.7,13.2,0
"359",1995-09-15,4,0,71.8,2.1,64.1,55.5,102.1,142.9,81.5,31,1.8,69.6,39.2,60.9,9.7,106.2,218.9,23.1,11.2,0,0,0,122,100.6,75,127.3,1.8,1
"360",1995-09-30,45.7,0,47.4,0,32.5,79.6,4.6,75.5,44.3,47.9,1.2,24.2,5.9,97.5,11.7,62.9,124.5,35,127.8,0,0,0,0,104.7,72.4,31.4,11.2,0
"361",1995-10-15,37.3,0,36.8,39.2,126.2,36.2,21.9,43.5,53.4,52.1,1.1,133.3,75.9,94.1,48.5,68.6,23.4,70.6,98.4,4.5,0,0,76.2,67.4,57.6,137.1,48,63.8
"362",1995-10-30,16.5,0,51.5,54.3,58.9,30.1,32.1,26.2,76.8,73.4,0,76,216.9,66.2,67,5.6,17.2,35.6,51.9,26.1,0,1,45.8,3.2,63.5,55.6,41.9,5.6
"363",1995-11-14,66.3,1.1,0,8.4,0,0,1.3,0,0,45,0.6,47.6,26.5,21,9.9,0,0,0,97.9,6,0,19.3,0,0,2.5,0,13.5,2.4
"364",1995-11-29,28.9,47.5,26.1,0,0.3,35.5,2.2,7.1,38,24.3,1.9,14.2,24.7,10.4,4.8,0,30.6,17,3.9,1.8,54.2,41.4,34.2,1.4,0,9.7,18.5,0
"365",1995-12-14,67.3,59.4,89.5,1.3,80,5.1,0,0.3,11.8,24.1,2.6,48,0.3,13.6,0.2,0,3.1,0.8,50.3,54,99.9,45.5,0,0,18.3,51.8,38,18.5
"366",1995-12-29,47,109.4,2.1,0,1.3,0.8,0,0,1.9,39,6.5,23.9,3.3,59.1,0,0,0,21.3,5.1,0,99.8,169.2,1.5,0,0,0,41.6,37
"367",1996-01-13,37.2,49.3,1.6,0,0,4.3,14.1,0.5,0.6,38.9,0.4,0,0.8,10.3,0,0,0,18.6,11.1,0,3,53.4,0,0,0,10.7,58.6,0
"368",1996-01-28,91.2,136.8,40.8,28.2,17.8,15.2,15.4,2,51.2,36.9,57.7,0,1,33,19,0,34.8,95.2,0,0,118.5,119.9,0,0,0,55.2,52.3,15.2
"369",1996-02-12,84.2,215.8,4.7,22.1,37.7,15.4,0.3,37.9,45.1,87.2,28.5,42.3,0,60.3,11.9,3.3,58.4,22.4,36.1,54.4,154.8,96,16.8,22.5,13.4,18.2,89.9,53.6
"370",1996-02-27,65.2,167.9,90.4,0.8,28.5,97,9.1,24.9,18.1,18.2,22,31.8,67.8,57.4,41.9,0,25.3,31.8,11.7,10.9,5.6,35.8,32.7,7,26.7,30.2,14.3,16.1
"371",1996-03-13,78.9,186.9,16.5,53.9,86.3,40.7,40.5,0,85.6,104,79.9,33.6,143.8,89.2,84.3,1.5,2.1,99.8,42.3,91.6,220.9,134.7,30.6,0,0.5,18.3,79.9,5.3
"372",1996-03-28,95.3,78.8,54.9,43.8,91.2,110,27,84.6,61.3,105.9,96,16.8,63.3,107,141,19.1,169.5,41.2,76.2,177.9,69.7,142,19.9,45.4,0.5,134.6,125.2,76.4
"373",1996-04-12,23.7,16.1,47.8,46.4,87.6,127.7,60.1,34.8,55.1,24.1,23.4,85.1,83.9,68,63,38.7,47.7,49.2,42,116.6,0,27.3,30.9,36.3,51.9,21,53.9,12
"374",1996-04-27,79.3,0,31.3,82,150.4,73.8,47.9,23.7,197.9,63.4,38,98.6,119.4,141.6,85.3,25.2,53,97.8,67.9,37,0,0,57.9,37.8,32.7,95.7,14.2,12.8
"375",1996-05-12,11.8,22.8,59.1,101,80.3,9.3,199.4,123,43.1,52.5,78.4,97.1,168.8,92.6,66.3,65.4,114.6,66.7,83.7,54.6,0.5,9.4,72.7,91,46.2,45.8,59.5,68.7
"376",1996-05-27,9,0,117.7,154.4,127,123.9,277.3,79.8,117.8,33.7,8.4,190.1,163.7,109.6,140.3,87,107.1,126.2,80.3,210.5,0,0,179,103.3,59,68.9,2.8,0.4
"377",1996-06-11,18.5,0,32.6,13.5,26,139.8,264.2,47.2,31,8.2,0.9,63.3,181.7,91.8,31.6,131.4,90,53.7,24.7,12.5,0,0,21.1,86.7,62.9,94.5,2,0
"378",1996-06-26,2.3,0,165.4,76.2,246.5,88,252.6,76.1,127.1,14,13.7,92.2,454.5,100.9,127.2,105,98.1,219.7,20,84.8,0,0,70.2,54.5,22.2,207.7,15.2,0.5
"379",1996-07-11,0,0.2,56.4,13.8,20.6,89.4,39.4,78,36.2,34,1.1,6.8,238.1,39.7,80,88.3,29.7,30.6,100.9,20.7,0,0,4.1,18.4,68.8,35.6,16.6,0
"380",1996-07-26,0,0,31.5,13.3,39.7,5.4,24.3,74.4,13,1.8,1.6,19,59.7,9.7,3.5,58.8,87.4,17.2,20.5,4,0,0,14.9,57.7,74.3,27.8,0,0
"381",1996-08-10,2.8,0,67.2,16.7,77.6,80.1,110.7,60.8,36.8,31.9,5.9,66.5,32.2,35.8,20.2,67.4,35.3,65.2,61.8,21.4,0,0,16.7,135.4,137.1,65.8,0,0
"382",1996-08-25,15.8,0,38.6,21.7,8.7,21.7,22.1,68.4,57.8,90.1,0,63.7,25.8,69.2,9,197.9,52.1,20.4,140.6,19.8,0,0.1,32.6,100.8,136.7,99.6,13.3,0
"383",1996-09-09,8.8,0,12.7,1.7,49.5,38.2,3.7,43.6,9.6,19.8,0.1,7.4,25.9,4,0,120,8.3,1.6,51.5,5.9,0,0,1,106.6,87.3,24.6,0,2.8
"384",1996-09-24,14.7,0,88.6,0.9,11.8,29,10.3,66.2,46.9,31.4,6.1,108.6,38.4,67.4,4,87.2,69.6,85.6,66.1,0.2,0,6.3,19.2,117.2,79.8,88.9,11.2,2.4
"385",1996-10-09,24,0,22.2,7,160.1,119.4,9.9,29.3,40.6,23.9,0.6,33.8,11.6,112.4,6.6,19.5,41.9,8.2,43.6,0.6,0,12.3,21.6,73.1,11.5,102.6,0,2.8
"386",1996-10-24,16.5,0.3,4.1,0,54.9,20.7,3.2,0,6.4,14.8,0,16.6,75.2,64.7,32.3,0,1,31.6,33.9,0,0,3.8,61.1,0,0,15.8,7.5,4.2
"387",1996-11-08,68.9,9.2,0.2,13.9,1.4,0,35.2,0,45.9,35.6,20.9,11.7,103.8,23.5,17.8,0,0,8.1,27.5,27.8,0,34.4,9.1,0,0,0,56.3,4.4
"388",1996-11-23,36.1,26.2,54.3,5.3,3.4,45.4,33,0,65.7,76.7,2.7,14.7,98.6,159.2,32.7,0,1.8,14.4,92.4,3.6,0,4.9,40.3,0,0,40.7,37.2,2.6
"389",1996-12-08,77.3,184.1,0.2,0,0,30.7,0,0,24.2,12.6,48,26.7,0,14.1,0,0,28,5,5.3,0,65.2,220.7,0,11.3,0,0,22.1,0
"390",1996-12-23,62.7,0,0,0,0,7.9,5.9,0,0.5,26.1,0,22.1,0,2.1,0,0,0,3.6,3,0,0,12,18.2,0,0,0,19.3,7
"391",1997-01-07,21.7,42.8,53.7,0,5.6,25.8,10.3,0,23.2,53,42.7,3.8,5.8,8.2,0.2,23.4,0.3,35.8,0,0,17.3,68.6,0,0,0,0,54.9,0
"392",1997-01-22,38.3,260.5,0,2.8,0,0,0,0,4.8,18.7,12.4,0,9,0,0,0,0,8.4,3.6,0,43.5,104.9,4.8,0,0,0,10.8,0
"393",1997-02-06,36.6,116.9,0,0,0,0,0,0,0,9.2,101.6,0,35.4,0,0,0,0,0,0,0,66.3,95.1,0,0,0,0,26.1,1.9
"394",1997-02-21,31.2,88.3,33,35,17.3,47.4,20.1,0,37.6,1.4,22.8,32.5,18,22,41.9,0,4.4,57.7,0,22.4,1.8,59.1,21.2,0,0,3.6,20.6,0
"395",1997-03-08,94.2,28.8,89.6,57.8,32.3,3,99.4,0,88.9,3.2,190.1,34.6,28.3,41.2,74.4,0,85.7,55.4,0,35.1,7.1,8.9,31.1,0,0,33.6,1.2,0
"396",1997-03-23,99,44.1,163.9,97.2,120.2,52.5,37.9,103,75.7,174.4,161.2,103.7,63.2,149.8,40.4,14.7,81.2,68.3,67.2,65.5,17.8,102.4,71.1,82.1,99.6,78,110.9,98.4
"397",1997-04-07,100.3,42.1,81.8,68.3,41.9,82.6,38.6,72.4,37.1,175.8,115.3,122.5,125.4,100.5,7.9,55.9,38.9,78.3,126.3,84.6,26.2,120.1,87.8,158,30,50.6,153,102.2
"398",1997-04-22,38.3,2.2,242.8,206.7,128.7,115.3,40.2,28,85.6,110.3,0.4,59.3,36.6,34.7,83.4,120.6,21.3,97.8,214.1,144.6,3.6,1.1,40.6,128,22.3,88,82.6,34.2
"399",1997-05-07,30.9,0,35.2,36.3,93.7,48.7,62.6,39.6,49.4,30.9,0,45,81.2,96.4,81.5,37.1,109.4,47,16.8,32.3,52.6,0,23.9,40.9,23.9,59.9,111.5,50
"400",1997-05-22,3.2,0,130.6,129.7,202.1,102.7,228,28.9,224.2,18.3,65.7,146,526.7,184.9,139,92.8,118.6,150.7,13.5,204.2,0,0,86.3,30.5,77,87.1,37.1,42.1
"401",1997-06-06,6.6,10.7,151.7,296.8,164.2,153.9,202.4,117.9,129,22.2,24.4,232.6,504.4,198.7,134.3,121.6,75,181.4,80.3,381.4,0,0,208,163.1,77.2,141.2,4.4,34.9
"402",1997-06-21,2.3,0,27.9,32.2,91.7,58.4,56.3,86.6,62.5,36.5,10.6,36.9,203.3,20.7,52.5,73.8,32.8,48.3,36.3,56.5,0,0,58.3,57.8,28.2,54.2,4.2,3.1
"403",1997-07-06,0,0,21.7,7.5,85.8,74.9,7.1,62.4,22.6,10,1,25.6,8,44.7,33.5,131.5,35,24.1,7.7,15.8,0,1.4,8.1,78.3,131.8,102.1,5.1,5
"404",1997-07-21,0,0,44.2,14.5,14.1,32.9,14.9,80.4,22.2,4.2,0,23.8,16.8,32.2,26.8,16.5,25.6,16.7,64.5,14.4,0,0,24.9,51.5,33.7,55.3,0.4,0
"405",1997-08-05,12.8,0,1.6,4,0.8,10.4,0.4,1.8,2.8,8.9,1.2,0,6.5,10.9,0,70.4,1,8.4,21.8,0,0,0,0,95.9,97.5,11.7,0.8,1
"406",1997-08-20,7,0,45.1,0,7.6,49.6,2.5,87.1,35.2,8.2,0,25.8,6.4,23.4,4.6,161.6,75,34.4,29,1,0,0,5.2,24.2,72.6,47,0,0.1
"407",1997-09-04,0.1,0,49.6,0.8,9.7,73.4,3.3,185.8,18.8,2.6,13.6,18.8,4.1,12,69.2,197.4,49,87.6,6.6,0,0,0,6.2,115.9,284.6,171.5,1.5,0
"408",1997-09-19,0,0,46.7,10.5,12.5,110,14.3,73.3,39.4,0.1,0.5,23.4,23.6,33.7,41.1,63.7,71.4,100.6,8.7,0,0,0,8.6,112.9,82.6,40.9,0,0
"409",1997-10-04,44.7,1.1,100.1,18,41.4,118.3,98.8,27.1,40.4,42.5,2.3,69.8,112.9,47.6,58.6,71.5,128.7,45.6,75.3,85.9,0,19.7,28.4,52.2,45.4,94.3,6.7,23.9
"410",1997-10-19,55.7,1.5,62.1,92.4,71.9,119.8,84.9,37.1,58,90.7,41.5,74.2,86.6,82.1,153.1,4.5,48.2,57.5,80.9,74,1,3,81.4,37.6,34.2,43.2,96.6,110.3
"411",1997-11-03,91.6,2.2,2.5,5.4,5.3,0,28.4,32.4,72.3,104.3,15.6,20.5,49.1,167.9,17.2,1,18.3,54.1,134.9,0,10.6,40.4,71.9,0,0,7.6,70.4,75.6
"412",1997-11-18,48.3,10.7,8.6,43.1,89.7,29.4,35.7,0,61.2,167.7,82.1,24.8,25.3,38.5,24,44.6,0,49.4,84.3,30.8,86.5,221.5,47.9,0,0,0,83,216.9
"413",1997-12-03,142,147.9,11.3,58.7,32.1,13.7,37.4,0,28.7,106.2,83.7,52.6,49.4,91,53,0,0,40.5,68.8,43.6,382.1,166.3,60,0,0,10.1,157,123
"414",1997-12-18,65.5,72.8,0,5.8,0,0,0,0,25.7,41.8,113.8,12.5,5.3,0,0,0,0,0,62.2,2.7,46.7,190.3,0,0,0,0,65.1,76.5
"415",1998-01-02,136.3,169.4,10.5,0,0,0.3,12.5,0,15.3,105.6,195.5,0,1.9,7.8,2,0,0,0.1,155,0,121.3,101.9,0,0,0,31.8,115.7,202.9
"416",1998-01-17,37.9,167.5,41.3,0,10,0,0,0,0,16.8,114.6,3.3,45,33.7,0,0,2.1,12.9,20.5,0,85,88.8,0,0,0,3.1,61.5,39.4
"417",1998-02-01,154.4,98.5,26.6,8.7,8.8,47,7.6,59.7,57.5,75.8,49.4,0,5.1,169.3,32.8,1.2,10.4,26.3,48.1,12.6,47.2,168,3.4,3.1,0,15.2,194.7,48.3
"418",1998-02-16,14.4,93.7,6.2,0,10.4,0,4,0,0.5,36.3,42.6,5.6,1.7,7.2,39.6,0,0,0,16.2,0,26.1,188.1,0,0,0,0,75.1,11.1
"419",1998-03-03,179.7,93.1,21.7,0,0,0.8,11.5,0,72.7,29.3,114.9,2.8,11.7,2.4,2.1,0,1.8,8.4,28,0,15.4,52.6,0,0,0,35.8,39.3,29.9
"420",1998-03-18,21.1,119.5,8.2,1.5,23.3,39.5,12.2,0,51.3,32.3,141.9,28.4,34.7,83.3,11.4,0.1,7.7,86.6,30.5,0,12.2,76.7,0,0,0,30.6,24.3,1.1
"421",1998-04-02,144,60,29.7,11.3,0.5,98.2,15.7,51.3,86.1,63.1,46,0,16.9,35.9,0.9,44,119.6,59,55.8,0,88.3,137.7,0,8.4,26.7,37.9,87.1,61.2
"422",1998-04-17,19,0,237.5,13.9,20.8,73.7,118.9,39.5,46.9,96.1,32,0,53.2,38.7,31,46.7,80.4,48.6,96.4,12,0.5,13.7,2.8,26.6,25.6,91.5,111.2,54.7
"423",1998-05-02,71.8,1.4,83.4,84.2,205.8,162.1,22.7,9.5,198.3,107.8,23.6,119.5,18.7,106.6,40.7,31.9,61.8,120.4,279.7,80.4,11.7,8.8,109.5,110.1,16.4,136.5,129.8,129.1
"424",1998-05-17,31,0,99.9,94.3,96.1,63.6,78.8,66.2,58.7,30.7,2.6,86.2,70.7,60.8,104.7,140.7,94.7,51.6,39.4,55,0,0,113,33.7,129,58.7,50.2,1.2
"425",1998-06-01,17.7,0,95.1,5.4,25,50.1,68.7,109.9,134.5,23.1,0,78.7,163.1,41.9,43.5,191.9,138.9,47.2,84.6,34.1,0,0,50.5,57.1,10.2,125.9,12.4,0.5
"426",1998-06-16,0,0,93.6,30.5,196.6,63.2,39,76.6,137.2,35.6,3.4,183.5,60.5,90.4,37,46.3,66.9,167.7,25.3,26.8,0,0,24.5,28.9,36.9,81.2,13.8,0
"427",1998-07-01,0,0,5.6,0,23,66.3,16.1,37.6,30,12.8,0.7,0,12.1,70.7,1.9,11,16.7,20.2,44.8,0,0,0,12.8,54.3,92.4,52.5,0,0.7
"428",1998-07-16,0,0,50.9,12.3,8.1,32.7,10.8,78.8,51.6,17.6,1,30.4,5.4,99.8,1.9,51.7,9,18.1,49.6,4.7,0,0,28.9,69.3,32.2,46.3,4.8,1.3
"429",1998-07-31,3.8,0,15.1,0.5,7.4,10,15.7,105.7,48,4.9,0.2,8.4,27,75.5,7.3,102,7.8,33.2,45.7,2.4,0,0,18.4,44.1,192.5,119,1.4,0
"430",1998-08-15,2.1,0,60.4,0,5.4,70.2,1.6,59.3,6.6,11,7.6,64.5,5.4,22.6,25.4,85.5,47.4,10,30.6,0,0,0,3.1,50.3,118.1,72.9,0.3,0
"431",1998-08-30,2.4,3.9,26.7,0.3,7.1,17.4,0.9,55.1,23.9,14.5,23.7,22.1,4.7,24.7,2.7,164.1,96.1,9.1,43.3,5.3,0,0,16.5,94.6,27.9,51.2,4.5,39.9
"432",1998-09-14,12.2,15.7,46.1,13.1,61.2,38.8,4.9,101.3,122.7,18.5,18.8,60,33,28.7,182,216.2,73.5,54,62.8,1.6,0,0,39.1,148.2,116.9,147.4,1.2,0
"433",1998-09-29,7.6,0,48.3,9.1,147.8,41.5,59.6,46.9,93.7,17.1,10.6,64.4,53.4,69.1,21,22.2,109.3,69.6,48,3.6,0,1.5,47.1,124.3,21.4,77.7,0,0.4
"434",1998-10-14,21.7,1.2,14.5,199.8,139.3,115.8,264.8,44.6,70.6,33.8,3.3,50.4,260.2,68,63.5,16.7,53.3,51.4,30.8,79.1,0,15,69.1,65.1,66.1,94.9,23.8,20.3
"435",1998-10-29,16.8,0,16.6,0,29.5,7.3,8.5,2.6,48.4,40.6,3.2,149,67.6,82,34,0,10.2,4.3,94.9,0,0,0,11.6,0,0,14.1,23.5,0.4
"436",1998-11-13,37.1,43.6,14.1,0,64.3,94.5,14.7,5.3,60.5,20.4,21,47.4,59.8,66.8,113.8,0,31.6,30.3,62.4,5.6,0.7,8.6,99.3,2.7,0,7.8,21.5,2.2
"437",1998-11-28,36.1,5.7,15.4,28.7,21.2,47.3,0.9,0.3,34.3,0,70.2,14.5,32.9,31.6,34.2,1.4,12.5,9.2,5.3,11.7,0,9.2,49.9,16.2,0,6.6,6.7,42.2
"438",1998-12-13,19.5,0,0,0,0,0,40.9,0,1.5,7.2,0.6,0,89.1,20.8,0,0,0,0,15.8,0,0,34.6,8.2,0,0,0,43.5,0
"439",1998-12-28,100.8,55.9,24.8,19.1,6,54,16,0,85.1,26.8,54.5,44.5,83.6,8.6,33.1,0,1,25.2,10.4,27.2,17.1,98.7,20.2,0,0,30.5,10.4,11.1
"440",1999-01-12,85.1,129.1,1.4,0.3,1.9,4.1,39.6,12.5,4.1,73.8,135.5,43.4,3.4,0,11.6,45.6,0,48.2,6.7,2,118.9,242.1,15.5,4.2,0,0,65.2,25
"441",1999-01-27,33.5,104,59.9,0,1.1,0,0.1,0,14,2.8,65.8,1.8,0,22.5,13.6,0,18.2,39.6,0,0,32.4,33.8,0,0,0,5.8,0,0
"442",1999-02-11,21.7,147.9,17,28.2,15.4,40.8,6.1,25.1,10.7,0.8,109,21.2,40,0.5,1.2,3.2,21.4,2.8,4.1,35.5,17.8,109.3,29.4,6.3,8.9,40.7,39.6,15.8
"443",1999-02-26,61.3,150,46.2,15.2,61.5,44.2,55.2,5.9,64.9,97.5,101.7,24.7,95.5,94.8,25.4,7.4,78.8,54.1,10.4,61.1,72.9,103.7,13.3,5.9,0,48,93.5,63.5
"444",1999-03-13,74.2,120.5,42.2,2,62.4,38.1,22.3,23.4,63.2,94.1,57,58.7,1.4,45.6,123,7.4,59.9,42.8,49,0,161.1,191.6,28.6,5.8,3.8,14.5,125.2,63.6
"445",1999-03-28,190.6,174.3,109.3,20.1,33.3,86.9,157,61.5,35.5,140.6,165.3,19.8,21.3,9.2,71,18.8,108,59.6,48.8,19.9,75.7,163.8,38.7,45.3,10.9,20.8,218.7,20.4
"446",1999-04-12,17.4,16.8,103.3,23.3,42.4,36.2,55.6,91.8,54.7,64.8,82.2,43.2,93.3,104.4,13.4,14.2,128.7,117.9,52.9,35.7,0,40.1,15,35.5,20.9,55.4,16.9,55.4
"447",1999-04-27,43.2,24.1,55.2,49.1,34.5,59.1,46.5,37.1,108.2,59.2,69,81.5,116.8,68.8,73.5,119,54.9,117.5,71.8,34.8,0.1,57.5,21.6,69.6,14.8,176.4,130.4,33.1
"448",1999-05-12,7.9,4,58.2,4.6,16.9,85.6,18.6,55.7,151.9,15.6,8.3,167.3,95.7,133.9,74.5,28.9,43.5,118.8,20.6,7.8,0,0,30.4,28.2,52.1,138.7,19.1,9.4
"449",1999-05-27,4.5,0,83.3,153,150.6,161.2,136.3,60.5,102.3,9.2,31.5,155.1,228.5,123.5,168.8,80.6,98.8,125.4,16.3,76.7,0,2.5,121.1,75.5,76.4,104,20.6,21.9
"450",1999-06-11,0,0,98.5,156.9,137.6,205.4,88.1,118.7,153.1,6.5,0,172.4,151.7,186.5,66.7,61.1,51.7,127.1,40.9,95.6,0,0,244.3,97.4,72.6,156.9,0,4.2
"451",1999-06-26,0,0,138.2,49.5,80.4,192,108,85.7,200.4,9.7,0.7,149.1,426.9,255.6,108.3,61.6,98.8,70.2,25.4,40.7,0,0,196.5,95.5,86,132.7,0,2.4
"452",1999-07-11,3,0,110.7,30,56.7,57,52,30.9,52.5,36.2,7.1,39.1,24.1,109.9,2.7,68.5,40.8,42.1,113.6,1.7,0,0,54.5,279.6,195.4,110.6,9,7.4
"453",1999-07-26,2.8,0,12.9,2.9,87.9,3.7,55.5,0.9,1.5,51.3,0,14,0.5,1.7,0,13.2,6.8,34.2,34.3,2.6,0,0.5,2.4,23.7,138.8,19.5,2.9,5.6
"454",1999-08-10,2.6,2,19.1,17.1,134,58.7,62.1,85.8,181.1,4.9,2.1,32.1,33.1,95.3,8.3,89.3,64.6,82.7,38.9,4.8,0,4.4,56.8,119.5,106.2,58.3,0,19
"455",1999-08-25,25.4,2.7,141.1,21.1,14.8,68.1,41.9,271.1,59.9,5.6,0,85.7,27.1,78.7,23.5,118.4,83.2,90.2,77.8,19.5,0,0,33.1,168.3,192.2,75.5,4,0
"456",1999-09-09,13.8,0,76.3,8.5,75.4,232.6,5.4,88.7,57.6,12.8,22.9,10.4,16.7,40,46.4,130.3,47.7,127.7,25,8.8,0,0,15.3,110.6,143.6,52.7,6.9,2.2
"457",1999-09-24,7.9,2.8,62.6,5.1,32,75.5,15.4,51.4,21.3,9.9,0.4,6.3,23.4,30.5,16.2,149.2,65,113,27.6,1.9,0,2.1,20.1,126.2,53,119.3,4.3,3.2
"458",1999-10-09,40.1,0,79.8,25,20.7,99.5,46.5,52.8,55.9,36.6,1.1,98.3,78.3,99,55.6,72.2,77.2,97.5,27.9,28.4,0,0,60.5,82.8,35.3,47.1,2.8,3
"459",1999-10-24,32.3,0,85.6,0,37.8,106.6,6.8,3.5,68,60.9,0,140.4,93,100.7,5.5,6.4,75,60.1,79.3,0,0,3.1,0,0.7,6.9,59.1,30.7,0
"460",1999-11-08,84.1,10,17.8,8.4,74.5,63.7,71.6,0,51.3,60.8,51.2,73.9,74.6,27.3,9.6,0,65.8,89,22.8,7,0,7.1,50.5,1.7,1,8.5,174.5,76.9
"461",1999-11-23,62,0,10.3,0,16.6,25,17.9,0,35.4,78.6,0.2,45.3,105.6,17.9,12.4,0,0,0.6,44.7,3.1,0,8.7,40.3,0,0,58,82.4,113.8
"462",1999-12-08,108.6,70.7,0,2.4,0,0.5,19.4,0,5.6,49.5,57.1,0,52,0,2,0,0,0,25.4,0.3,114.8,124.6,14,0,0,0,94.7,13.7
"463",1999-12-23,64.6,111.9,7.7,0.4,0,0,18.2,37.1,9.1,14.3,80.6,29.4,51,0,4.3,0,0,0,7.4,0.1,56,72.4,0,18.3,18.8,0,26.7,11.7
"464",2000-01-07,63.3,118.8,49,0,25.9,48.1,1.5,13.7,50.6,64.8,19.1,12,5.1,10.2,0,5.6,9.7,4,2.1,0,56.3,75.2,5.9,41.7,0,53.4,49.3,0
"465",2000-01-22,47.1,18.1,5.7,0.3,2.9,0,7.6,0,2.8,9,43.3,0,28,0,0,0,39.5,0,0,0,14.1,79.8,1.4,0,0,0,22,0
"466",2000-02-06,19.6,63.9,0,0,0,10.6,0,0,0,23.2,59.2,0,0,0,0,0,0,2.3,0,0,40.1,88.3,0,0,0,0,24.6,0.4
"467",2000-02-21,61.2,130.5,7.2,0,25.8,0,0,0,70.3,19,39,15.8,19.4,10,2.7,0,0,17.4,0,0,144.2,55.2,3.9,0,0,0,14.7,22.2
"468",2000-03-07,52.1,93.2,69.9,10.4,1.9,22.1,22.9,45.7,140.2,32.5,256.4,62,21,46.7,5.3,12.1,9.4,11.9,0,19.6,62.2,96.5,20.1,37.4,0,115,33.2,59.7
"469",2000-03-22,111.8,60.9,129.5,53.4,90.3,65.5,109.2,15.6,36.4,3.4,75.2,283.2,44.7,51.9,65,3.8,25.6,36.5,0,10.4,30.7,97.2,53.2,1.1,3.3,32.9,84.9,35.8
"470",2000-04-06,66.6,110.5,24.7,22.6,38.6,44.2,80.8,49,55.4,64.3,46.7,59,86.1,8.3,49.6,46.4,99.6,45.8,21,38.7,2.1,58.8,27.2,21.9,72.4,40.9,60.8,14.2
"471",2000-04-21,46.3,15.8,141,14,28.6,103.6,0.2,15.5,19,47.8,36.1,23.1,65.9,39.5,68,59.4,66.7,33.3,35.5,24.1,0.4,5.2,33.9,36.8,57.6,46.2,24.7,60.5
"472",2000-05-06,8.7,2.4,63.6,99.1,131.8,102.3,58.2,46.4,101.3,54.1,18.8,47.6,69.1,10.4,75.5,16.8,18.8,42.8,40.5,91.5,0,0,81.5,56.5,79.3,40,28.6,9.9
"473",2000-05-21,23.8,0,99,19.5,85.4,120.1,190,133.6,121.6,7.1,0,113.4,404.3,96.5,98,82.4,102,109.5,14.4,52.5,0,0,135.4,79,91.8,69.7,0.8,0.6
"474",2000-06-05,0,1,183.6,58.1,61,73.3,58.3,70.1,90.3,2.5,21.7,157.9,164.1,113.7,66.2,58.6,199.1,88.5,61,12,0,0,3.3,80.1,68.1,98.6,20.9,37.5
"475",2000-06-20,3.4,0,185.1,60.5,87.6,59,199.8,88.5,104.1,31.9,2.7,73.8,214.8,98.9,48.1,104.7,95.6,93.1,52.7,36.9,0,0,106.8,158,105.9,120.7,1.7,2.6
"476",2000-07-05,0,0,62.4,1,54.6,39.9,0.1,82.6,21.4,8.3,0,19.9,1.8,27.9,0.3,52.6,60.5,25.4,69.4,0.5,0,0,5.1,30.2,102,103.5,0,0
"477",2000-07-20,2.4,0,59.7,14.1,42.2,99.1,9.7,97.3,34.6,14.1,26.7,9.8,19.6,204,31.6,144.8,126.3,108.8,61.9,42.8,0,0,0,106.4,68,63,1.4,1.1
"478",2000-08-04,1.3,3.1,54.5,9,2.1,32.9,10.3,109.2,45.9,30.4,6.1,72.4,10,35.9,83.6,163.9,44.6,60.4,61,3.5,0,0,14.1,13.3,218.9,57.9,8,40.7
"479",2000-08-19,0.5,0,31.6,1.5,46.9,44.8,28.5,40,13.8,1.6,10.5,34.7,41.5,49.7,12.1,116.8,11.9,87.5,36.1,0.1,0,0,3.8,23.3,52,77.5,0,0
"480",2000-09-03,0,0,37.4,8.2,130.6,164.2,23.1,82.6,44.3,11.7,4.1,6.5,16.6,49.1,5.6,112.3,39.5,37.3,24.5,3,0,0,5.3,141.4,124.4,89.7,13.2,17.6
"481",2000-09-18,32.7,0,89.8,0.4,87,24.6,5.5,188.3,94,31.8,17.9,83,14.3,69.3,49,186.8,61.7,22.8,15.9,7.1,0,0,25.7,115,138.2,73.7,0,2.1
"482",2000-10-03,28.6,0,27.6,0.2,38.6,39.7,2.7,64.7,57.1,38,1.5,19.1,7.9,35.1,1,93.3,28.9,90.6,13.9,0,0,0,47.4,62.5,65,74.6,0,0
"483",2000-10-18,48.1,0,81.7,36.6,57.5,66.8,39.4,24.3,57.4,68,6.9,46.2,51,48.2,131,2.1,113.7,127.1,71,33.2,0,17.3,61.9,1.6,8.4,93.7,27.1,0
"484",2000-11-02,67.9,13.2,9.3,0.9,26.4,16.7,14.8,16.8,42,22.4,2.1,61,3.7,88.5,48.5,0,33.9,71.8,41,0,0,12.1,26.6,0,0,47.9,11.4,0.6
"485",2000-11-17,119.3,102.5,68.5,25,12.1,1.5,15.4,5.4,15.8,61,103.3,18,63.1,31.9,42,0,0,12.9,75.1,25.7,60.9,167.7,28.5,0,0,25.9,148.3,83.7
"486",2000-12-02,94,116.6,0,55.4,0,0,86.9,0,6.1,80.6,33.9,6.3,22.1,9.5,0,0,0,0.8,13.4,0.9,135.2,125.5,1.5,0,0,0,49.4,13.2
"487",2000-12-17,74.2,126.9,0,21.6,25.2,41.8,65.3,0,10.7,45.4,106.2,13.9,34.8,1.9,7.1,0,0,4.5,6.6,14.4,139.8,101.3,63.2,0,0,4.9,86.7,13.2
"488",2001-01-01,53.6,220.9,0,2.6,0,0,0,0,0,44.9,146.8,0,0,0,0,0,0,49.4,24.4,0.6,113.9,203.6,0,0,0,1.2,123.4,78.3
"489",2001-01-16,89.8,48.2,0,0,0,0,0,0,0,77.1,151.2,0,0,1,0,0,0,43,55.4,0,175.4,247.7,0,0,0,0,44,43.6
"490",2001-01-31,41.8,76.8,21.5,0,0,10.5,8.3,0,2,35.1,109.2,48.7,11.2,0,0.1,0,0,40.5,8.1,0,68.6,80.5,26.8,0,0,1.5,55.6,12.4
"491",2001-02-15,57.2,42.7,0,3.6,4.3,35.7,31.9,0,26.9,7.2,47.3,35.7,27.5,20.4,27.5,0,0,27.6,0,6,0,29.2,42.1,0,0,46.2,3.4,2
"492",2001-03-02,73.1,177.1,135.8,55.3,23.4,54.7,12.2,1.8,44.9,16.4,121.5,63.5,96.9,59.9,51.4,0,30.7,35.4,61.6,23.2,23.8,59.1,42,0,0,91.2,34.2,15.1
"493",2001-03-17,49.2,112.4,84.3,31.3,19.8,96,9.2,17.3,88.9,69.2,123.2,8.1,115.4,90.1,3.6,0,46.7,39.4,64.4,0,23.2,40.7,10,0,36.8,59.7,130.1,27.3
"494",2001-04-01,74,24.1,55.9,27.1,5.4,26,9.2,54.9,54.4,43.3,46.8,23.7,29,71.9,42.7,1.9,74.9,68.2,130.1,28.8,83,59.8,4,52.3,5.6,0,79.8,80.7
"495",2001-04-16,75.2,28.3,107.1,113.4,53.5,64.7,165.7,90.1,178.6,58.9,78,101.2,113.8,97.8,75.6,57.3,62.7,97.5,67,140,2.4,35.8,105.5,79.1,5.1,0,39.8,46.3
"496",2001-05-01,22.9,0,65.5,90.5,48.6,129.4,107.8,26.4,49.7,12.6,0,48.6,90.8,30.3,40.7,119.5,70.1,58.2,38.2,87.8,0,15.8,65.9,56.6,29.2,45.3,25.6,6.2
"497",2001-05-16,25.9,20.4,40.5,131.6,96,63.5,145.3,43.4,63.5,45.5,11,55.2,304.7,55.8,140.8,20.3,93.1,120.3,28.7,151.9,0,8.3,71.5,21.4,63.7,103.7,7.8,8.8
"498",2001-05-31,3,0,61.6,48.2,16.3,14.8,112.5,45.4,23.6,49.1,0,15.2,147.5,45.2,35.5,45.4,55.6,279.7,64.4,35.2,0,0,56.1,19,88.5,85,15.2,0
"499",2001-06-15,0,0,79.1,198.5,122.2,143.1,110.9,158.2,144.9,3.4,0,265.6,207.9,224.5,189.5,110.9,102.9,61,25.4,103,0,0,176.7,76.9,45.4,147.2,0,62.6
"500",2001-06-30,0,0,81.4,2.4,51.1,55.9,157.1,12.5,32,11,4.4,48.6,251.3,40,5.7,68.8,15,64.2,50.7,2.1,0,0,18.1,58.6,48.1,138.2,0,0
"501",2001-07-15,17.6,0,34.7,13.9,0,16.4,33,51.9,15.3,40.7,0,20.4,27.5,4.3,6.2,59,27.6,16.7,82.8,3.3,0,0,21.6,98,81.9,106.1,8.5,0
"502",2001-07-30,6.6,0,36.7,0,0,64.4,1.8,81.6,3.6,32.8,10.5,1.4,5.2,2,7.7,123.3,50.3,8.6,78.2,0,0,0,0,38.9,66.7,24.1,6.8,0
"503",2001-08-14,0.7,0,8.5,1.8,1.6,32.3,16.8,14.2,33.8,26.7,2.2,14.9,24.1,9.7,2.6,133.7,1.2,16.2,17.1,2.3,0,0,18.4,83.1,173.2,35.2,0.9,0
"504",2001-08-29,0,0,117.3,57.6,91.5,119.6,5.3,91.8,49.4,12.8,5,45,3.3,65.3,66.6,122.3,73.2,80.1,51.3,92,0,0,52.3,69.9,135.4,109.8,0,0
"505",2001-09-13,23.5,1.3,109.1,21.8,35.8,51.4,9.6,130,39.6,70.6,0,38.4,44,31.2,26.3,140.6,109.2,18.4,27.8,22.4,0,8.6,33.2,122,67.9,182,7.3,0.2
"506",2001-09-28,57.5,0,49.9,7.5,19.5,42.3,3.6,47.9,23.5,34.7,51.3,24.5,4.2,35.2,18,44.1,126.1,48,19.8,5,0,1.6,0,11.6,86.6,20,19.7,0
"507",2001-10-13,26.7,0,31.6,13.1,67.4,46,22,0,103.6,36.9,5.1,66.7,42.8,132.8,65.5,5.5,26.1,17.6,25.8,0.4,0,14.7,40.1,3.9,7.4,48.7,9.2,0
"508",2001-10-28,122.4,10.4,31.7,12.9,48,0.8,83.8,2.1,73.9,125.6,3.8,66.1,144.9,148.1,76.3,0,16,43.2,88.7,0,0,49.6,43.1,0,1,17.5,39.9,32.1
"509",2001-11-12,43.2,0,13.8,17.1,60.7,5.8,46.2,34.9,22.2,44.9,9,25.8,135.2,31.8,26.1,0,4.6,66.6,124.2,30.7,0,0,59.8,0,3.1,10.3,133.8,13.6
"510",2001-11-27,52,5.5,19.1,21.5,3.2,3.1,4.1,0,31.2,20.8,0,35.4,24.6,17.8,75.1,0,0.3,16.2,11.9,6.1,56.2,25.1,2.2,0,0,29.3,6.3,2.7
"511",2001-12-12,31.7,108.7,0.7,0,0,0,0.2,0,16.3,14.1,74.6,0,10.7,0.7,0,0,0.7,22.4,9.4,0,33.8,113,0,0,0,0,44.5,39.9
"512",2001-12-27,98,100.2,1.6,112.5,63.4,50.6,13.7,0,11.9,74.4,50.9,153,100.3,13.4,30.5,0,5.2,30.7,15.7,39.7,80.5,58.6,39.3,0,0,16.1,51.9,2.2
"513",2002-01-11,85.5,152.8,0,0,14.9,10,0,0,0.8,40.4,207.9,0,30,0,0,0,0,0.7,19.8,0,159.7,97,0,0,0,0,130,55.6
"514",2002-01-26,24.9,190.3,0,0,0,0,0,0,0,3.4,127.3,0,0,0,0,0,0,0.3,0,0,28.6,126.8,0,0,0,0,1.1,9.9
"515",2002-02-10,89.8,97.1,7.5,23,15.4,17.8,32.2,0,35,54.2,178.6,13.6,18.9,40.8,22.8,0,18.6,22.9,2,13,93.7,117.7,33.8,0,0,20.4,37.5,38.9
"516",2002-02-25,87.2,135.3,57.7,37.2,15.4,58.2,18.1,31.2,110.8,99.1,163.7,43.5,62,101.5,61.4,53.8,4.2,88.2,72.5,9.5,49.1,55.8,52,1.4,0,52,133.2,62
"517",2002-03-12,69.2,169.1,17.9,2.3,4.6,37.9,2.8,0.7,58.4,42.2,144.9,38.3,9.2,22.6,0,0,57.1,20.8,42.2,0.1,22.9,92.8,10.5,0,5.6,51.5,63,40.8
"518",2002-03-27,51.7,76.7,75.8,33.3,56.2,112.7,60.1,64.5,112.4,34.7,188.7,92.6,60.9,81.5,49.1,8.9,138.5,86.1,19.1,72.6,5.4,27.6,40.2,45.6,15.5,70.4,35.9,4.2
"519",2002-04-11,123.2,58.5,110.6,100,106.3,35.8,108.7,30.3,42,140.7,21.5,59.7,70.3,127.6,121.3,46.3,74.5,95.1,121.3,102.7,2.4,31.9,109,46,67.6,103.1,107,56
"520",2002-04-26,59.7,0.8,122.8,80.5,61.4,43.8,93.8,54.3,16,155.9,4.7,10.9,129,119.3,23.7,50.1,68.7,19.8,180,27.4,2.5,15.8,100.9,43,59,63.1,87.1,0.7
"521",2002-05-11,34.7,0,92.9,43.5,34.6,70,58.4,59.5,77,10.7,1.6,88.9,47.5,102.4,165.8,91.4,81.9,109.1,6.3,44,0,0,27.2,64.6,1.5,50.5,25.1,3.5
"522",2002-05-26,2.5,1.7,263.6,183.9,110.6,96.2,221.2,90.3,107.1,8.4,8.3,143.1,121.4,117.4,160.5,66.8,105.8,100,10.4,117.6,0,0,102.4,56.9,121.4,164.7,1.9,1.1
"523",2002-06-10,0,2,41,215.7,70.2,60.8,81.5,38.9,69.4,4.3,0,63.7,244.3,86,71.7,84.4,131.9,47.9,75,137,0,0,69.6,64,77.8,136.1,0,0
"524",2002-06-25,5.6,0,77.7,58.1,48.8,48.4,120.1,156.8,326.4,7.2,1.7,128.9,303.5,281.7,32.9,95.5,78.6,172.4,37.8,108.4,0,0,87.7,55.2,79.2,156.4,2.3,0
"525",2002-07-10,2.4,0,219.3,7.2,36.1,101.5,159.3,92.4,80.3,16.3,0,58.6,345.7,144.1,12.72,92.5,192.4,36.2,47,7,0,0,17.1,33.4,76,65.1,0.8,0
"526",2002-07-25,4.3,0,71,7.2,32.1,56.6,26.4,119.3,176.6,5.5,3.7,133.5,33.7,105.9,12.3,86.3,46.6,155.3,68.8,7.1,0,0,48.2,79.6,175.7,91.4,0.5,0
"527",2002-08-09,0,0,15.7,1.5,8.3,136.1,57.2,121.1,45.8,26.6,5.3,5.1,228.2,24.3,0.7,138.2,12.6,26.3,27.4,0,0,0,6.1,139.1,115.6,144.6,13.8,26.3
"528",2002-08-24,1.4,0,26.1,0.6,0,11.5,2.1,116.8,7.1,9,35.4,2.1,24.7,8.6,8.9,117,51.6,23.5,12,0,0,0,3.4,110.4,107.9,95.6,0,2.6
"529",2002-09-08,11.5,0.2,69.6,22,30,39.4,0.9,49.8,89.1,7.5,46,40.3,7.7,52.1,7.1,99.9,39,53.6,6.4,36.1,0,0.8,35.5,47.8,45.6,32.9,34.3,30.8
"530",2002-09-23,0.5,0,156.5,1.1,26.6,114.8,7.2,42.6,19.6,53.7,1.2,32.2,17.9,38.8,13.5,12.8,70.1,94.7,31.7,1.4,0,0,0,73.4,52.3,88,6.6,3.2
"531",2002-10-08,8,0,156.3,15.5,69.9,129.9,34.2,65,118.7,21.8,4.4,74.9,190.4,127.2,70.4,50.6,88.4,95.1,81.3,34,1.3,3.2,55.5,61.2,39.6,113.8,16.5,18.5
"532",2002-10-23,57.6,4,44.2,55.7,53.8,59.2,66,1.6,113.5,96.3,0.2,149.4,142.2,161.7,107.3,2.6,120,96.4,69.2,83.5,0.2,0.5,69.7,0.9,6.9,58.4,182.6,149.3
"533",2002-11-07,47.8,75.2,30.3,1.5,30.5,0,49.8,17.4,42,49.3,154,92.9,56.2,96,69.7,0,24,8.6,74.6,3.7,0,11.4,21.3,0,0,17.2,22.2,35.5
"534",2002-11-22,92.3,12.3,8.6,0.4,0.6,2.6,7.7,0,37.6,24.6,51.8,96.9,39.8,34.7,36.7,0,1.6,54.1,8.1,0,0,17.5,54.9,0,0,13,53.7,21.8
"535",2002-12-07,69.1,57.9,1.6,7.3,3.2,6.7,0,0,19.1,99.4,6.7,51.2,26.7,36.1,0,0,5.4,16.6,58.8,0.1,4.7,72.7,0,0,0,2.8,123.1,17.9
"536",2002-12-22,62.4,158.4,0,0,0,0,0,0,0.2,118.4,257.5,0,0,0,0,0,0,0,116.3,0,213.7,124.2,0,0,0,0,151.3,95.7
"537",2003-01-06,69.6,65.4,0,2.6,50.5,33.3,37.3,0,15.5,1.8,89.4,16.3,63.9,17.3,10.8,0,14.3,8.6,4.4,1,54.9,84.4,22.4,17.5,0,13.8,45,0
"538",2003-01-21,46.1,123.6,32.9,0,4.4,1.4,0,0,0,0,0,2.9,0,0.8,21.8,0,0,6.7,1.5,0,4.6,112.3,0,0,0,22,0,0
"539",2003-02-05,61.9,176.2,73,6,17.9,30.5,37.1,21,57.2,29.1,111.7,33.9,65.4,29.9,8.3,15.6,65.5,34.9,5.1,1.4,68.2,108.7,26.4,10.3,9.1,10,53.6,64.3
"540",2003-02-20,42.8,0,9.4,3.4,19.9,41.6,16.2,9.8,14,3.4,3.1,56.3,27,77.2,6.9,2.1,35.6,38.1,2.3,2.4,0,10.1,0,0.1,3.3,98.2,0,1.6
"541",2003-03-07,145.2,46,9.4,16,50.8,26.3,53.2,0,29.2,47.5,16.4,73.3,79.2,48.8,4.4,0,0,15.4,0.3,30.7,1,14.5,28.5,0.9,0,21.3,8.6,2.5
"542",2003-03-22,53.4,230.6,83.6,36.2,22.2,67.2,43.4,28.8,77.7,81.3,93.2,80.3,170.4,24.3,0.9,33.1,54.8,31.5,63.7,19.8,53.1,148.1,54.6,39.7,14.4,63.6,73.2,57.4
"543",2003-04-06,80.7,42.6,55.7,166.7,100.8,87.3,117.9,101.9,166.1,47.3,31.3,42.3,136.8,63.5,1.7,117.4,177.3,118.7,55.6,105.7,5.5,20.2,108.7,106.1,11.9,186.3,26.4,26.3
"544",2003-04-21,113.8,12,50.6,21.2,17.3,35.6,40.5,73.8,111.5,136.8,0,26.8,150.4,70.9,0.4,2.8,19.6,25.8,183.8,22.5,10.6,20.1,14.6,29.5,46.5,24.7,136.5,24.8
"545",2003-05-06,0,0,37.8,26,43.9,12.9,25.9,88.8,42.5,82.9,27.6,70.1,104.7,95.6,58.7,37.1,45.6,85.2,135,27,6.7,0,50.1,115.8,14.2,9.8,62.4,6.4
"546",2003-05-21,9.6,4.8,191.1,45.2,184.1,129.9,157.5,163.7,34.6,23.6,4.8,62.3,178.6,65.5,51.5,60.9,207.8,42.9,19.6,39.9,0.5,0,90.3,55.3,73.1,67.4,25.3,55.9
"547",2003-06-05,0,0,128.2,283.7,87.2,127,6.7,80.5,143.9,26.1,0,57.9,346.3,107.5,119.9,134.9,58.9,168.6,88.2,283.5,0,0,76.9,106.2,70.5,170.9,1.2,0.5
"548",2003-06-20,7,0,94.5,18.3,22.7,98.6,33.4,41.1,47.7,26.2,0,4.8,83.7,2.6,1.6,55.7,53.9,15.6,43.5,21,0,3.4,10.9,69.9,124,18.8,7.3,10.7
"549",2003-07-05,0,0,82.4,36,140.8,66.4,4.3,26.9,94.4,17.1,0,83.1,62.8,33.9,33.9,132.1,48.6,86.2,34.6,52.2,0,0,84.5,104.3,143.3,105.2,0.8,0
"550",2003-07-20,1.8,0,0.1,9.1,0,25.5,0.6,23,15.9,1.1,2.4,3.7,1.1,22.5,0,105.3,30.4,23.3,26.2,1.5,0,0,3.1,61.7,24.1,11.8,0,0
"551",2003-08-04,0,0,16.3,15.7,5.4,5.4,13.4,56.9,21.6,29.9,0,29.1,13.7,50.9,4.2,142.3,2.2,68.9,60.7,6.5,0,0,26.2,78,181.7,94.9,0,1.8
"552",2003-08-19,7.7,0,10.5,1.9,0,5.2,4.7,71.7,4.6,24.8,0,4,4.1,9.3,0,105.9,65.7,8.9,122.9,0.4,0,0,9.2,173.4,117.3,29,10.1,0
"553",2003-09-03,0.3,0,25.6,5,50.8,102.4,4.8,204.5,65.5,18.2,1.5,26.1,6.5,25.1,90.6,392.6,66.9,18.6,62.8,0.9,0,0,16.8,146.5,70.6,77.1,19.6,0
"554",2003-09-18,20.7,0,75.7,34.8,23.6,88.4,9.3,123.8,122.1,9.2,0,34,113.8,23.5,16.3,182.4,165.7,57.5,30.5,24.3,0,0,72.8,82.3,104.6,100.8,0,0
"555",2003-10-03,41.7,0,157.3,101.8,61.1,105.2,182.8,71.7,150.8,5.1,0.1,219.3,151,138.9,155.5,80.6,122.5,137.7,35.5,23.2,54.4,0,125.4,54.3,60.7,116,27.6,0.5
"556",2003-10-18,16.1,0,50.5,23.9,15.9,62.9,49.2,7.6,133.4,20.3,2.2,103.8,28,97.7,80,3.8,55.1,82,73.1,5.8,21.8,16.6,4.3,2,5.6,93.8,12.4,1
"557",2003-11-02,53.1,21.7,81.1,13.7,30.1,35.4,10,54.8,41.4,23.6,4.7,107.3,46.9,52.6,32.5,2.4,68.8,31.3,24.9,24.4,0,3.2,10.5,15.5,3.6,119,10.9,0
"558",2003-11-17,31.1,24,52.6,4.3,8.8,14.1,20.1,0,88.5,44.3,1.8,34.8,144.9,71.5,49.6,0,11.4,41,65.3,0.7,0.6,21,62.9,0,0,37.6,55.7,41
"559",2003-12-02,88.4,112.1,30.9,15.5,14.7,41,9.6,1,24.7,36.1,68.6,5.7,6.6,44.4,62.9,0,25.8,21,58.9,23.6,80.4,110.5,18.2,0,0,33,58.1,7.9
"560",2003-12-17,17,82.9,0,0,0,45.9,0,0,0.3,35.8,4.6,4.9,13.6,10.5,6,0,0,0,9.6,0,92.4,51.8,0,0,0,0,13.2,13
"561",2004-01-01,80,137.1,0,12.6,0,0,29,0,37.8,38.8,27.3,33.2,22.8,40.5,3.5,0,0,2.6,23.1,6.5,101.1,69.1,10.5,0,0,0,100.2,87.9
"562",2004-01-16,53.9,66.8,25.8,2.1,3,3.9,30.3,1.4,0,39.3,108.5,4.4,67,2.5,50.8,30,30.1,8.6,57.7,0,3.3,103.4,18.1,14.5,30.5,42.5,36,2.2
"563",2004-01-31,65.4,120.6,0.3,0,0,2.1,0.7,0,21,9.2,112.9,2.4,1.6,9,0,0,0,10.7,2,0,32.7,78.7,16.6,0,0,0.6,45.4,24.2
"564",2004-02-15,66.6,108.4,70.5,17.7,70.2,25.9,76.5,8.1,33,34.9,114.9,27.4,108.4,83.1,28.2,0.2,28.3,63.1,3.6,11,68,68.3,20.6,0.8,6.3,27.9,107.9,21.7
"565",2004-03-01,60.7,102,57.2,0,27.2,8.3,0,98.4,8.6,61.3,27.4,17.8,8.6,80.9,2,39.8,4.5,0.8,18.6,0,103.3,67.1,4.5,20.8,0,7.5,54.4,62.5
"566",2004-03-16,34.8,53.3,107.1,5.3,60.1,80,96.2,19.8,128,8.6,74.1,73.3,21.9,75.3,75.7,0,11,91.2,18.5,13.8,0,41,80.7,13.3,27.7,114.6,60.3,17.7
"567",2004-03-31,158.3,106.9,55.4,17.4,38.4,78.1,11.5,19.2,39,87.3,167,60,16,85.9,47.9,14.2,142.2,35.2,154.6,16.8,98.6,124,37.8,5.4,1.8,18.1,159.7,37.8
"568",2004-04-15,21.2,26.6,45.3,9,3.3,41.7,2.5,129.3,69,72.3,25.4,0.5,55.8,11.9,18.2,130.4,162.6,24.6,49.3,10.3,1.1,12.2,2.2,61.8,81.1,63.5,23.3,10.2
"569",2004-04-30,18.5,0,28.2,69.2,83.3,97.5,40.6,36.5,79,76.1,11.7,88.7,53.2,87.7,46.4,48.7,45.6,74.5,90.9,34,0,0,31.1,34.5,38.5,48.2,47.8,0
"570",2004-05-15,9.4,0,37.7,33.5,46.5,144.4,103.5,136.9,32.7,12.7,13.7,42.4,61.6,100.2,175.2,67.2,41.2,42.1,15.8,40.3,0,0,66.5,98.3,86.4,47.1,12.7,1.1
"571",2004-05-30,16.4,0,29.1,129,185.3,88.1,151.3,11.9,78.7,33.9,0,110.6,347.8,68.1,66.3,64.7,33.4,191.6,19,64.3,0,0,81.9,61,68.4,78.4,0,0
"572",2004-06-14,0,1.6,17.8,4,4.5,11.4,24.5,61.5,27.1,7.8,24,4.2,18.5,0.3,34.7,129.5,29.3,1.9,57.6,8.2,0,0,4.3,86.3,42.9,30.6,7.7,0.3
"573",2004-06-29,0,0,230,35.1,57.4,141.9,94.4,160.9,103.4,0,0.3,79.7,209.2,84.7,12.2,88.5,104.1,51.7,27.7,16.4,0,0,34.6,120.6,96.3,273.2,8.7,7.1
"574",2004-07-14,1.7,0,0,5.4,17.1,10.4,5.8,0.7,42.8,20.3,1.2,4.1,16.6,13,1.4,147.3,3.5,4.7,90.2,0.4,0,0,31.9,83.6,82.5,2.6,0.5,2.2
"575",2004-07-29,4.6,0,9.9,2.9,2,2.8,5,81,15.7,13.6,0,2.8,26.6,3.9,0,143.9,23,15.4,47,0.2,0,0,2.9,75,143.7,57.6,0.8,2.1
"576",2004-08-13,0,0,64.9,15.5,36.4,32.6,10.7,154.1,28.1,20.8,6,44.6,11.3,60.4,38.3,166.2,113.4,37.1,35.3,31.7,0,0,55.1,179,169.9,47.4,0.8,0.3
"577",2004-08-28,26,0,97.4,20.3,70,113.9,31.4,70.1,133.2,6.2,36.2,116.1,58.2,58.9,88.7,236.3,113.1,106.3,23.7,27.4,0,8,85.8,100.9,261.3,91.5,3.5,2.5
"578",2004-09-12,0,0,172.3,28.6,78.9,307.3,100.4,71.7,100.2,31.2,2.5,107.4,160.4,163.9,120.3,93.6,121.8,104.8,29.5,15.3,0,0,118.3,52.8,140.5,131.8,6.5,0
"579",2004-09-27,3.2,0,185.1,65.2,15.3,119.8,30.1,46.2,128.1,17.1,6.4,93.1,46.6,206.9,94.7,60.6,98.7,149.2,26.8,43.9,0,0,60.9,20.2,42.6,119.1,12.9,4.4
"580",2004-10-12,56.8,0,37.7,72,10.1,23.2,85.2,25.9,33.5,35.8,89.6,40.9,57.2,83,31.6,11.3,60.4,20.9,67.7,38.4,0,3.9,47.7,9.9,12.3,17.2,55.3,23.1
"581",2004-10-27,52.1,2.7,28.6,1.6,19.8,32.5,143.9,82.2,53.9,74.4,12.7,40.4,190.7,64.3,11.6,59.3,126.4,23.9,34,4.1,0,15.2,11.2,63.3,42.7,38.1,32.8,28.9
"582",2004-11-11,44.4,0,33.4,18.4,69.3,73.3,20.5,0.5,44.6,42.2,1.2,60.7,111.3,55.6,122,1.7,10.9,75.9,43,24,0,3.3,26.1,0,17.2,43.4,15.5,18.2
"583",2004-11-26,114,140.6,7.8,9,19.2,0,0,0,47.3,46.5,286.4,5.7,68.7,77.8,12.6,0,34.2,1,9.1,0,102,60.7,74.2,0,0.3,9.3,41.5,54.4
"584",2004-12-11,19.5,176.3,72.2,0,35.9,16.9,12.5,9.6,58.8,46.2,236.6,4.4,37.4,82,10.5,0,0,79.1,27.6,0,59.3,219.2,4.1,0,0.1,10.2,61.2,1.9
"585",2004-12-26,120,130.3,1.6,0,33.7,34.2,0.9,11.5,1.5,11.4,99.3,18.7,111.5,0,0,0,12,3.7,7.4,4.4,126.7,87.9,55.8,0,0,7,37,20.1
"586",2005-01-10,54.5,60.4,0,0,0,0,0,0,0,24.3,141.8,0,0,0,0,0,0,0,0,0,0.2,60.4,0,0,0,0,11.6,0
"587",2005-01-25,47.8,74.5,12.5,4.6,0,20.7,43.3,0,17.5,86.2,94.2,14.1,25.9,8.3,0,5.7,61.1,2.3,15,0,43.5,115.5,0,0.2,0,22.1,138.8,31.7
"588",2005-02-09,16.3,34.7,35,0.2,4,18.6,12.1,4.7,42.2,22,1.5,32.2,54.5,74.5,11.5,28.1,6.1,27.9,0,2,0,17.5,8.5,14.2,0,13.7,11.3,0
"589",2005-02-24,31.2,95.1,66,47.1,22.4,41.8,113.3,5,71.1,12.5,73.4,44.1,67.5,98.1,29.2,0,30.4,38.5,24.4,59.7,32.6,71.3,33.5,47.9,3,62.8,49.1,0
"590",2005-03-11,104.5,115.4,31.5,81.6,91.7,147.5,22.4,12,93.4,155.8,140.8,94.5,122.8,100.3,71.7,19.4,36.3,63.1,5.4,115.7,129.9,62.1,38.2,22,0,96.9,124,42.9
"591",2005-03-26,5,76.9,23.6,0.7,14.2,15.1,2.4,29.3,37.8,45.9,22.6,5.5,23.3,46.6,8.4,17.1,46.1,49.9,64.8,9.1,21.9,43.7,13.5,34.7,16.3,22.7,123.4,42.7
"592",2005-04-10,96.9,41.3,113.5,24.2,37.2,53.2,26.6,63,52.8,50,94.9,19.5,77.9,49.8,54,86,109.6,52.6,18.4,11.3,0.9,51.2,13.6,99,156.5,8.6,60.8,39
"593",2005-04-25,88.2,0,144.7,11.4,48.3,137.1,180.8,112.8,74,77.3,1,27.8,390.6,47.5,60.9,55.8,127.1,141.9,140.3,18.9,0,0,67.5,45.5,76.5,122.7,28,0
"594",2005-05-10,0,38,10.7,42.1,11.6,12.6,53.8,38.7,70.1,51.9,80.6,35.9,144,41.6,17.1,29.1,23,15.6,80.1,28.6,0,0,39.9,20.9,6.9,62.8,45.9,22.8
"595",2005-05-25,10.2,0,173.3,107.3,53.3,22.2,120.8,80.8,64.8,46.4,35.7,79.8,282.8,93.5,155.9,131.6,124.8,31.1,72.2,155.2,0,0,97.6,90,41.3,49,18.8,0
"596",2005-06-09,4.3,0,55.7,123.5,74.4,94.6,29,75.5,83.1,14.6,0.3,92.7,173.2,95.7,77.2,152.7,65.8,53.6,64.6,51.8,0,0,87.3,18.7,136.2,64.8,5.7,0
"597",2005-06-24,0,6.1,19.5,0.8,3.1,7.6,11,36.7,7.9,18,2.3,75.1,4.6,33.8,0.4,51.2,22.8,8,28.9,0,0,0,4.2,105.8,67.2,36.6,0,0
"598",2005-07-09,1.8,0,17.1,45.7,76.7,71.9,1.1,144.9,6.4,14,0.1,43.9,18.2,34,72.6,122.7,102.7,19.2,36.5,44.9,0,0,32.5,196.6,22.8,103.9,0,0
"599",2005-07-24,0,0,0.8,0,0,0,1.9,31.6,3.4,11.2,0,2,3.4,17.2,0,91.2,30.5,2.3,27.4,0,0,0,0,57.8,61.9,19.2,1.3,0
"600",2005-08-08,6.1,0,30.3,5.6,0,29.1,1.3,65,10.2,24.2,0,12.7,8,2.7,0.3,61.4,25.5,7.6,94.8,1.4,0,0,15.1,74.1,114.1,42.6,0.4,0
"601",2005-08-23,11.1,0,9,24.1,63,28.5,24.9,115.1,20.3,10.2,0,49.5,11,27.7,32.7,183.7,50,55.5,68.8,1.1,0,0,33.2,107.7,134.2,73.3,23,11.7
"602",2005-09-07,13.5,0,16.2,2.4,0.7,74.8,1,71.6,1.3,43.9,1.8,0,2.3,1.4,11.8,113.1,23.7,1.9,84,0,0,0,2,45.9,93.4,81.6,4.3,0
"603",2005-09-22,8.4,0,185.6,76.6,80.6,148.7,16.8,249.9,98,0,15.8,81.7,74.7,105.8,64.8,104.5,203.7,117.7,6.6,48.7,0,0,115,95.8,110.4,127.2,0,10.8
"604",2005-10-07,3.9,0,189.2,9.3,77.5,90,158.8,5.2,77.8,60.3,4.8,59.3,257.3,82,78.1,67.9,107.8,93.9,40,11.5,36,2.2,51.1,24.8,8.6,83.8,27.5,6.8
"605",2005-10-22,80.9,0.6,36.3,111.6,126.7,48.3,55.9,0,137.8,30,1.7,67.8,81.5,123.4,17.9,3.8,61,57.2,99.6,45.3,0,45,51.2,0,5.8,58.9,29.3,35.9
"606",2005-11-06,41.4,0,26.5,0,14.4,2.4,2.4,0,14,62.3,0,43.8,31.9,23.9,11.4,0,11.5,17.9,13.2,0,2,0.8,97.5,0,0,4.6,21,6.6
"607",2005-11-21,65.9,0,4.2,8.7,47.6,37.8,38.4,45.3,55.8,46.9,1.2,36.4,19,50.2,12.3,0,28,78.6,25.1,1,8.5,5.8,26.4,0,1,8.1,46,14.4
"608",2005-12-06,25.7,11.7,29.8,50.1,30.8,24.5,0.7,9.7,40.9,8.4,27.6,11.3,37.2,16.6,3.8,0,32.7,6.3,14.1,0.2,39.1,91.3,15,40.9,0,15.8,7.1,0
"609",2005-12-21,67.7,85.6,0,0,0,0,0,0,4.8,0.8,15.4,0,0.3,0,0,0,0,0,0,0,6.6,17.1,0,0,0,0,53.3,0
"610",2006-01-05,131.6,111.1,93.5,0.4,2.4,9.9,4.3,0,66.1,40.3,71.6,8.7,0,57.3,2.9,1.2,1.3,55.9,2,0,33.7,149.6,8.1,0,0,23,67.1,19.2
"611",2006-01-20,14.1,34.7,17.6,8.3,0,68.5,0,3.9,1.3,3.6,34.2,4.8,0,10.9,0,0,8.1,17,4.1,0,1.7,67.9,19.3,0,0,22.3,10.7,0
"612",2006-02-04,76.9,162.2,86.9,0,11.8,50.6,6.8,15.4,74.9,9.8,94.6,60.5,2.3,98.2,9,7.1,39,87.4,0,0,38.2,56.6,21.5,22.9,12.2,45.6,4.3,0
"613",2006-02-19,46.4,37.7,47.8,6,25.3,38.2,0,0,29.8,81.8,187.6,44.6,0,41.1,14.7,0,18.1,56.7,118.3,0,147.8,48.5,24.1,0,0,80.1,115.5,105.4
"614",2006-03-06,99.9,40.3,72.5,17.3,74.1,70.5,10.4,18,114.1,31,69.2,32.2,27.8,46.3,117.9,0,25.3,51.4,16.1,10.1,45.4,59.4,44.1,8.7,0,20.4,34.5,113.9
"615",2006-03-21,35.2,136,35,36.3,35.3,54.9,3.8,7.5,56,126,106.2,39.7,45.8,60.5,54.3,2.1,49.3,127.5,17.3,36.9,75.1,37.8,59.7,10.4,27.4,53.5,88.9,40.4
"616",2006-04-05,142.2,155.5,21.2,0,5.4,15.1,0,28.4,31.1,58.7,181,12.9,11.8,44.4,16.5,10.5,72,35.5,83.9,3.5,14.5,142.8,7.8,0.2,16.2,33.7,95.2,110
"617",2006-04-20,29.5,5.7,14.9,9.2,46.9,2.8,19.6,156.8,116.5,59.9,44.4,11.9,56,124.8,42.9,136.6,67.5,85.4,73.2,1.6,6.5,6.1,20,80.5,172,67.4,87.4,96.6
"618",2006-05-05,92.8,2.1,151.9,165,224.1,81.7,264.8,77,263.6,124.3,56.8,126,177.3,152.7,443.8,58.8,99.1,173.2,95.4,93.9,0,60.5,155,66.4,30.8,131.2,59.7,6.2
"619",2006-05-20,0,0,75.4,75.6,21.9,170.4,109.6,77.4,105.6,29.8,0,109.1,61.7,58.6,78.4,55.7,97.4,69.3,3.3,123,0,0,35.3,60.5,51,162.4,1.1,8.6
"620",2006-06-04,0,0,59.2,100.5,68,60.7,195.6,81.5,107.3,15.5,12.9,87.2,250.8,72.7,105.2,58,41,203.3,8.5,128.5,5.5,0,66.5,55.3,91.3,137.6,5,3.9
"621",2006-06-19,4.9,0,46,15,22.7,211.8,20.8,27.4,115.1,13.6,0,225.6,130.2,22.5,15.6,82.3,57,56.8,65.9,31,0,0,13.9,34.4,127.2,112.5,0.8,3.8
"622",2006-07-04,0,0,35.4,5.6,5,23.9,117.4,119,77.6,1.6,19,16.4,80.5,48.4,6.2,33.2,50.6,27.3,39.6,0.6,0,0,23.6,46.8,78.5,126.7,0,3
"623",2006-07-19,7,3.3,32.6,47.6,8.8,10.3,29.8,120.7,56,39.8,28.4,35,17.7,44.4,18.7,112.8,1.8,20.3,14.8,32.9,0,0,24.2,111.9,44.8,35.5,1.2,7.9
"624",2006-08-03,2.5,2.4,29.3,1,2.3,6,10.9,29.4,17,16.2,55,16.2,5.7,5.2,0.8,51,7.1,13.9,68.2,0.9,0,0,6.2,127.9,73.9,48.2,0.7,0.7
"625",2006-08-18,0,0,36.5,2.6,11.9,2.4,3,77.2,20.8,40.8,0,4.1,5.7,25,3,23.6,42.4,11.1,67.3,0,0,0,1.4,72.7,202.9,19.5,5.7,0.2
"626",2006-09-02,0,0,57.5,47.5,73.2,51.5,37.2,70.8,143,19.6,0.3,103.5,55,102.2,96.3,98.4,100.4,113.6,40,82.8,0,0,117,86.1,115.6,180.1,0,0.5
"627",2006-09-17,21.4,0.7,52.4,25.7,52.5,38.2,61.5,61.9,67.8,31.3,9.1,42.8,35.7,58.2,31.7,129.1,95.6,68.6,25.7,18.1,2.2,0,9,60.2,48.3,117.5,14.6,42.1
"628",2006-10-02,0,0,98.1,33.3,96.8,126.8,149,67.4,74.4,6.8,38.9,113.4,17,102.5,86.9,66.2,177.9,137.5,1.3,44.2,1.4,0,75.2,111.4,72.2,99.9,11.3,32.6
"629",2006-10-17,39.1,0,59.9,40.2,7.2,26.9,88.8,67.5,97,58.8,10.3,79.6,175,64,69.1,2.1,120.9,33.9,49.9,67.1,0,17.8,13.8,12.9,6.3,59.9,54.9,86.2
"630",2006-11-01,72.8,11,32.5,11.2,32.7,35.6,19.6,1.1,43.6,42.4,6.6,39.4,67,89.6,2.1,0,23.8,20.3,57.5,0,0,27.5,76.3,1.5,0,97.1,52.2,30.7
"631",2006-11-16,114,81.2,0,0,1,0,26.2,0,46,202.6,55.4,22.7,86.7,2.3,0,0,0,47.8,91.9,0,55.5,46.6,9.6,0,0,0,121.7,137.5
"632",2006-12-01,54,195.3,1.8,0,26.8,5,1.9,0,10.7,41.5,97.4,39,71.6,10.6,0,0.1,0,19.8,45.8,0,69.4,143.4,61,0,0,29.1,18.1,20.1
"633",2006-12-16,140.1,177.6,1.9,0.1,0.8,0,8.5,0,28.3,114.6,210.5,23.3,26.2,1.3,0.8,0,0,1,110.2,0,57.8,170.8,0,0,0,0,167.6,147.1
"634",2006-12-31,56.3,116,0,0,0,0,0,0,0,52.8,14.7,0,0,0,0,0,0,0,42.2,0,140.1,106.5,0,0,0,0,60.6,12.6
"635",2007-01-15,74.9,203,0.2,0,0,0,0,0,4.5,26,4.4,0,0,0,0,0,0,8.4,4.6,0,117.8,135.9,0,0,0,0,7.2,0.1
"636",2007-01-30,62.4,171.6,16.9,0,14.5,38.5,8.1,0,26.2,64.2,193.6,23.4,48.3,0.9,8.9,0,35.6,63.7,55.8,0,217.8,102.9,0,0,0,38.3,74.1,21.1
"637",2007-02-14,21.8,57.4,0,17.4,28.4,2.6,0,0,7.2,50.4,73,25.5,9.7,4.2,0,0,0,23.8,17,1.2,60.7,40.8,0,0,0,0,90.6,16.8
"638",2007-03-01,64.2,150.5,8.2,3.3,53.1,31.9,15,0,77.5,22.5,58.1,36,0.8,17.9,0.7,0,0.2,58.4,5.1,1.9,97.9,83.9,7.3,0,0,32.4,5.7,24.3
"639",2007-03-16,47.3,60.9,48,59.2,63.2,90.2,68.2,3.3,51.3,91.7,61.4,103.4,42.7,18.3,19.5,29.2,62.6,44.9,33.8,64.9,84.4,57.7,40.7,12.8,5.1,45,105.3,22.7
"640",2007-03-31,50.4,58.2,117.4,84.4,119.9,106.7,56.4,130.5,107.9,42.8,75.7,133.9,95,132,255.6,133.2,8.3,72.6,61.8,99.7,2.9,17.7,102.5,65.6,38.9,84.7,38.6,41.6
"641",2007-04-15,105.9,11.1,179.2,0,22.5,93,46.5,40.7,29.8,76.5,113.2,49.7,29.9,82.4,5.7,46.6,3.7,45.1,101.2,0,1.5,52.4,3,26.5,90.7,100.4,60.9,8.2
"642",2007-04-30,0.6,0,102.5,59.9,61.6,93.1,27.4,37.4,105.7,69.6,13.2,52.3,45.8,31.7,83.3,48.8,86.3,55.1,64.9,24.6,0.3,0,0,110.8,113.2,104,24.3,79.1
"643",2007-05-15,80.6,22.7,70.3,85.8,52,35,81.2,40.8,69.3,32.7,23.7,103.6,66.3,91.9,45.4,47.5,51.2,42.9,18.5,99.3,0,11.3,54.6,33.6,2.8,28.7,13.9,4
"644",2007-05-30,13.2,0,55.2,100.3,82.9,85.7,154.7,56.8,63.7,32,1.6,102.6,529,76.7,87.7,74.7,101.4,104.7,127.9,84.6,0,8.9,72.7,48.3,33.8,201.4,32.2,17.4
"645",2007-06-14,0,0,125.7,59.7,34.4,176.5,58.7,10.2,39.2,9.3,2.3,30.8,384.1,18.2,86.4,43.5,70.2,65.1,49.8,117.7,0,0,30.3,36.7,47.8,131,0,0
"646",2007-06-29,0,1.9,21.3,73,5.6,7.2,91.1,9.8,57.7,11.2,0,22.4,237.9,35.4,24.7,16.9,11.9,57.2,48.7,177.2,0,0,15.2,1.8,63.8,61,0.6,0
"647",2007-07-14,15.8,0,168.3,50.9,166.7,168.5,163.8,94.5,157,29.2,0,122.1,284.3,69.6,52.4,100.7,122.5,134.4,19,125.2,0,0,86.3,157,108.8,150.9,3.1,1.1
"648",2007-07-29,0,1,32.1,1.3,5.5,34.8,13.2,84,35.3,40.5,12,21.2,8.6,38.9,0.8,64.8,69.6,34.8,61,0.4,0,0,0,91.7,33,87.3,3.8,0.2
"649",2007-08-13,6.7,0,29.6,5.4,19.3,17.8,14.5,74.1,16.7,28.8,17.1,14.8,25.5,9.3,35.5,107.2,57.7,34.2,46.7,15.3,0.4,0.8,0,98.6,11.1,109.3,9.7,43.1
"650",2007-08-28,10.2,0,232.5,81.3,60.6,168.7,117.9,193.2,164.7,36.7,0,105.9,105.8,82.9,64.6,179.8,156.2,83.1,66.3,35,0,0,121.7,122.2,51.2,309.9,2,0.1
"651",2007-09-12,8.8,1.1,343.2,71.2,115.3,60,77.3,79.6,160.3,77,6.6,99.3,10.3,88.2,11.1,91.6,82.6,53.6,115.9,25.8,0,0,34.1,153.4,70.4,148,12.2,0
"652",2007-09-27,22.2,0,66,22.9,31,84.4,99.4,29.7,144.9,29.2,28.9,113.3,162.6,99.1,43.2,66.1,108.4,73.8,11.7,34.4,0,0,73.8,46.5,17.9,60,20.4,0.6
"653",2007-10-12,30.4,43,82.6,34.5,74.7,112.6,105.7,73.2,217.6,21,12.8,86.5,76.5,87.1,40.4,84,96.3,119.1,31.3,59.4,0,17.7,82.2,38.1,1,103.9,14.9,42.1
"654",2007-10-27,34.6,0,61.5,24.1,75.7,29.7,15.6,14.4,102.4,20.6,20.3,36.4,66.7,63.5,51.7,12.7,69.1,32.5,18.8,29.1,0,6.4,26.4,3,12.4,106.7,2.2,6.8
"655",2007-11-11,102.3,0.3,14.1,29,12,9.4,23,2.9,17.5,70.9,1,51.9,22.9,33.6,2.2,0,26.6,33.5,8.2,44.3,7.5,4.6,25.6,0,1,15,58.8,19.2
"656",2007-11-26,42.6,71.1,15,4,0.5,44.8,11.7,0,17.5,40,9.2,7,7.6,62.8,101.9,10.8,0.7,12.5,7.1,3,35.9,30.9,8.5,0,0.8,21.5,13.6,10.9
"657",2007-12-11,65.6,173.5,5.1,0,0,0,0.2,0,0,56.9,11.8,0,59.6,4.7,2,0,7.3,0.5,0.8,0,96.5,139.1,8.5,0,0.1,0,85.5,36.7
"658",2007-12-26,28.4,154.4,0,0,0,0,0.6,0,0,5.5,89,8.1,11.3,0,0,0,0,0.6,0,0,1.7,133,0,0,0,0,27,8.2
"659",2008-01-10,167.5,81.2,0,2.4,0,0,28.1,0,0.5,35.2,52.1,32.6,3.9,0.5,13.6,0,0,5.6,19.8,5.2,36.7,48.4,0,0,0,0,47.8,15.5
"660",2008-01-25,78.4,189.3,48.7,0,0,4.6,1,0,34.2,48.6,120.5,1.3,0.7,14.2,0,0,0,7.7,4.6,0,54.5,115.5,0,0,0,2.6,25.6,1.4
"661",2008-02-09,105,119.7,0,0,0,0,0,0,0.3,29.2,175.4,4.5,5.3,21.2,0,0,0,0,13.5,0,111.1,126.9,5,0,0,1,83.4,61.8
"662",2008-02-24,79.9,84.2,6.2,9.3,40.8,86,41.5,0,53.5,12.7,123.9,56.6,97.7,108.5,10.5,0,36,57.7,1.3,0,24.5,45.8,59.6,0,84.4,95.8,3.3,47.3
"663",2008-03-10,38.3,88.9,60.9,1.1,6.6,35.3,0.1,134.2,86.6,138.9,76.7,4.6,16.2,40.5,39.8,58.8,90.3,33,47.4,33,100.9,87.1,0,30.5,107.2,118.6,97.5,169.9
"664",2008-03-25,57.7,41,43.4,77.8,130.2,115.3,55,0.1,111.5,40.9,9.1,106.1,59.8,88.1,68.5,17.9,29.8,87.2,82.3,63.4,64.5,81.1,61.5,4.4,8.2,142.4,109.7,191
"665",2008-04-09,132.8,43.3,119.4,70.8,77.8,45.6,23,45.6,43.9,64.8,106.3,38.4,39.4,41.5,41.1,0,71.7,54.7,72.8,17.1,5.6,30.4,51.5,23.6,27.9,91.3,96.3,24.6
"666",2008-04-24,0.8,11.3,45.5,217.2,52,112.4,42.4,45,106.2,22.7,40.6,97.2,76.6,66.6,67.2,28.9,27.1,134.9,39.2,99.3,0,1.3,91.1,94.6,46,157.6,57.1,46.5
"667",2008-05-09,9.7,3.6,138.9,210,56,31,73.3,52.5,79.3,21.7,35.8,115.4,139.7,67.8,85.1,57.8,25.6,132.9,34.1,24,0,25.2,160,75.9,106.8,106.6,19.3,6.5
"668",2008-05-24,41.9,0,62.7,103.4,74.4,56.4,246.9,20.3,121.2,43.2,0,43.7,250.1,82,109.5,107.8,64.3,74.8,23.6,53.4,0,0,89.7,12.9,161.8,170.5,10.6,0.5
"669",2008-06-08,0,0,100.7,56,96.2,42.9,169.7,49.6,91.2,4.9,21.5,80,275,77.1,98.9,94.8,24.8,106.3,23.7,57.6,0,0,60.6,102.9,122.1,115.7,5.8,2.3
"670",2008-06-23,2.3,0,203.1,24.8,35.4,210.6,105.5,85.1,40.4,6.4,0,43.4,107.4,103.7,30,151,83.7,85.8,60.8,18.1,0,0,34.5,117.1,222.5,157.7,1.1,0
"671",2008-07-08,0,0,52.9,45.1,56.8,70.6,58.4,22,78.3,9.6,1.8,97.7,68.5,83.4,17.7,74.8,74.6,39,85.7,17.9,0,0,16.8,22.9,273.6,51.3,0.3,1.1
"672",2008-07-23,0,5.1,65.7,82.3,74.1,106.5,10.5,41.5,61.7,28.5,1.1,65.4,2.9,20.1,37.7,136.2,19,66.8,69.4,100.9,0,0,61.4,172.3,221.5,105.2,0.2,0
"673",2008-08-07,0,0,109.4,1.9,4.4,126.4,9.4,122,44.5,4.7,0.4,38.8,6.1,60.5,5.1,143.8,92.3,84.2,38.5,0.3,0,0,25.4,82,530.9,95,0.2,0
"674",2008-08-22,4.3,0,119.1,27.4,58.4,136.6,38.4,121.3,150.2,17.5,0,140.3,17.3,56.8,107.6,170.5,66.2,127.6,29.8,33,0,0,98.3,180.3,188.2,151.3,15.8,24.6
"675",2008-09-06,5.3,0,92,23.1,5.5,24.6,33.9,56.3,45.8,26.6,10.3,37.9,55.5,38.2,64.9,91.4,39.7,38.3,69.4,11.3,0,0,20,96.6,307.3,190.4,1.3,0
"676",2008-09-21,57.9,0,44,6.2,57.1,84.1,9,183.9,39.4,108.7,0,57.2,71.3,151.9,9.4,233.9,225.1,51.9,56.9,8.8,0,0,0,143,147.5,121.9,17.5,2.1
"677",2008-10-06,9.9,1.3,45,17.2,44.6,97.4,10.2,109.8,86.7,38.8,18.1,19.6,31.9,180.3,57.6,32.3,224.5,55.2,31.4,21.4,0,0,6.8,30.5,14.1,111.6,34.2,2
"678",2008-10-21,36.8,3,22.3,75.1,19.6,104,55.2,0,84.2,51.8,133.4,86.3,100,106.4,41.2,0.3,38.3,32.1,44.5,30.4,0,8.2,75.3,4.4,42.1,75.7,15,4.9
"679",2008-11-05,96.1,4.8,7.6,87.2,37.4,0,94.2,0,28.4,106.2,2.8,151,94.2,32.1,19.3,0,10.6,13,112.6,22,3.4,31.1,15,0,9,11.3,68.8,42.7
"680",2008-11-20,85.7,72.5,18.2,0,45.4,33,17.5,0,40.1,23,41.5,19.8,21.6,59,18,3.1,27.8,38,12.7,0,40.8,50.7,9.3,1.8,64.4,20.4,88.4,16.3
"681",2008-12-05,23.6,95.6,46.3,126.4,19.2,28.2,30.6,0,30.1,6.3,64.1,52.7,23.7,86.5,14.1,0,1.6,54.2,3.8,44.6,34.5,102.2,32.8,0,20,10.9,3.5,0.2
"682",2008-12-20,66.4,89.7,0,0,0,0,5.1,0,0,4.2,7.4,0,2.6,2.9,0,0,0,0,0,0,98,99,17.7,0,0,2,10.2,1.6
"683",2009-01-04,71.8,74.4,0,0,0,0,12.6,0,3,5.2,11.4,0,39.9,0.1,5.3,0,0,0,0,0,0,61.7,0,0,0,0,9,0.2
"684",2009-01-19,41.4,100.8,17.4,4.9,15.2,0,0,0,6.4,90,10.5,14.4,0,0,0,0,17.2,19.5,31.7,0,82.7,149.4,21.5,0,0.2,9.2,97.5,67.7
"685",2009-02-03,35.9,114.6,76.4,14.1,16.7,46.2,5.5,5.1,35.2,41.3,201.3,9.7,11.8,81.5,0,2.5,5.7,134.8,0.6,38.2,39.8,119,12.1,3.1,38.5,25.3,29,10.7
"686",2009-02-18,176.4,122,38.6,39.5,5.1,7.4,12.5,79.8,24.4,11,123.6,30.6,11.8,13.8,43.8,0,3.6,16.4,1.4,7,66.1,63.1,4.2,0,0,78,55.3,13.8
"687",2009-03-05,59.5,78.9,62.9,37.6,36.6,43.6,10.5,51.2,84.4,16.6,53.1,62.8,8.4,33.1,4.9,2,120.6,107.8,0,5.4,24.8,151.9,89.2,6.7,3.6,48.7,59.2,3.2
"688",2009-03-20,104.2,101.5,68.5,2.4,96,57,0.4,22.8,34.2,67.3,124.2,59.4,0.6,11.3,13.6,114.4,54.6,61.3,4.1,0,55.2,28.1,15.1,64.3,18.2,34.5,20.1,8.9
"689",2009-04-04,99.1,0,113.9,59.5,103.5,28.7,77.2,16.5,77,106.2,16.4,71.8,36.6,83,94.3,72.3,64.2,34.9,36.1,39.5,97.6,10.8,44.6,25.3,0,136.2,107.8,12.6
"690",2009-04-19,57,34.5,34.1,58.1,38.8,12.3,39.7,48.2,78,61.9,99.9,56.9,151.4,81.7,88.4,82.5,59.1,109.3,48.1,78,0.2,0.5,25.4,56.1,8.2,44.2,36.2,17.4
"691",2009-05-04,42.3,0,23.5,40.4,24.8,75.6,109.3,72.5,92.8,107,1.6,86.5,135.2,137.9,48.9,87.7,42.6,57.3,43.8,24.6,0,10.7,74.9,32.2,50,43.3,38.3,7.6
"692",2009-05-19,2.6,0,111.1,28.9,103.7,47.7,82.1,49.8,74.1,16.3,0,90.4,133.4,91.2,60.9,36,137.1,133.6,53.1,28.9,0,0,18.7,65,41.1,15,14.5,1.2
"693",2009-06-03,0,0,187.5,112.8,62.9,84.3,151.4,88.5,86.7,11.9,0,33.5,428.1,101,130,105.9,60.1,47.2,17.7,109.6,0,0,98.6,56.9,105.4,279,9.1,9.8
"694",2009-06-18,6.3,0,189.2,90.3,80.6,136.3,254.3,74.1,140,10.5,0,114.3,167.4,86.6,190.9,35,53.7,96.3,22.5,180.3,0,0,100.9,40.4,67.3,128.5,0,0
"695",2009-07-03,0,0,221.5,105.3,5.2,77.9,173.7,141.7,73.8,14.1,0,29.4,393.7,140.8,22.2,52.2,118.3,26.8,14.7,47.9,0,0,62.7,76.1,49.9,113.6,1.7,2.2
"696",2009-07-18,11.7,0,57.7,0.2,41.2,14.1,1.4,61.1,19.8,5.3,0.3,18,7.4,48.2,14.4,189.5,65.9,15.6,6.4,0.2,0,0,5.5,164.6,71.7,115.8,1.4,0
"697",2009-08-02,0,0,5.7,0,5,73.5,8.7,15.1,31,3,7.6,9.8,7.8,19.7,0,108.7,1.8,16.7,58.3,0,0,0,20.9,146.1,119.2,27.3,2.1,0
"698",2009-08-17,4.5,0,6.2,10.3,72,84.8,21,160.4,20.1,4.9,0,40.9,9.5,16.6,24.5,106.7,36.6,40.9,52.8,10.1,0,0,22.7,68.2,153.4,59.7,0,0.7
"699",2009-09-01,0,0,68.3,0,38.5,74.8,9.4,96.2,6.2,25.6,0,79.7,6.8,34.5,8.5,139.8,42.8,79.1,33.7,0,0,0,0,86.8,118.2,125.2,8.3,0
"700",2009-09-16,19.2,0,31,4,12.2,8,0.9,61.2,20.4,52.5,0.6,24,4.6,54.1,14.8,125.4,59.6,4.3,23.9,8.1,0,0,12.6,102.9,118.4,27.7,0,0
"701",2009-10-01,40.4,0.3,90.1,1.3,20.9,84.4,17.6,34.7,92.1,61.9,39.7,40.5,5.9,50.6,0.2,135.1,39.7,60.1,14.1,0.4,0,0,3.1,60.8,66.1,72.5,6.7,0.9
"702",2009-10-16,26.1,0,48.5,1.3,62.5,86.2,61,47.5,30.6,51,0.5,59.9,35.4,50.2,47.3,91.2,83.6,153.8,55.8,21.4,0,7.2,37.2,47.8,22.8,88.4,69.1,50.4
"703",2009-10-31,50.8,25.5,45.2,0,93.3,23.8,18.5,0.5,74.8,47.3,11.4,57.1,39.9,61.4,16.8,3.7,101,43.9,104.6,0,36,87.7,56.7,0,13.6,65.5,50.8,6.4
"704",2009-11-15,41.4,65.7,0,0,0,1.6,0.9,0,34.7,81.4,19.1,21.7,61.4,10,76,0,4.1,0,38.9,0,0,17.7,31.1,0,0,0,58.3,101.8
"705",2009-11-30,93.4,15.1,23.9,1.3,5.6,18.1,41,8.3,36.5,74.5,28.6,1.4,13.9,0.1,13.6,0,28.7,10.6,21.2,20.5,0,47.3,18.3,0,0,0,105.4,39
"706",2009-12-15,28.6,114.9,9.5,44,16.6,20.3,1.4,0,20,68.3,49.8,23.5,28.7,30.5,2.7,0,0,25.7,114.3,13.9,336.9,110.3,8.4,0,0,0,69.5,28.2
"707",2009-12-30,71.1,182.6,13.9,0,0,0.6,0.3,0,0.8,83.3,77.9,0,34.9,52.5,0,0,0,4.6,86.6,0,83.7,70.6,22.2,0,0,20,131.7,95
"708",2010-01-14,11.9,141.9,0.8,30.5,68.9,27.3,27.3,0,63.8,5.7,90.2,48,59.1,45.8,21.7,0,0,42.8,0,11.6,20.3,73.8,47.7,0,0,5.5,0.5,0
"709",2010-01-29,26.8,130.9,5.8,11.5,17.9,33,0,8.1,0,31.8,58.4,0,0,0.3,1.5,15.5,0,125.3,10.4,0,85.5,63.5,22.3,0,8.8,42.8,19.2,26.6
"710",2010-02-13,127.2,103.9,40.1,63.8,24.8,112.9,25.23,0,63.6,76.5,227.2,13,32,28.2,42.2,0,43,27.8,61.3,74.8,37,67.9,126.3,0,0,73.8,52.3,6.7
"711",2010-02-28,55.1,53.9,35.9,4.8,123.2,34.9,14.9,14.8,94,120.1,101,41.3,111.8,147.8,31.7,7.5,25.4,77.8,48.6,14.5,14.2,92.9,24.7,4.8,0,78.6,18.2,0
"712",2010-03-15,43.2,92.1,20.9,27.8,14,50.5,29.2,18.5,9.5,55.2,124.3,2.4,16.9,13.5,35,11.8,43.2,3.7,157.6,46.4,25.2,123.3,29.5,22,0,18.2,104.1,144.4
"713",2010-03-30,50.7,59.8,26.6,8.3,18.27,56.7,38.9,15.3,51.1,49.2,166,38.5,97,72.3,3.4,31.4,109.8,56.2,36.6,23.1,1.5,52.9,37.9,0,48.9,38,28.3,91.7
"714",2010-04-14,48.8,10.1,48.1,8.1,85.4,142.5,130.5,59.2,61.6,91,153.8,86.2,173,124.2,68.2,173.6,96.4,84.6,80.3,17.6,2.1,9,51.7,11.8,7.5,60.4,48.8,27.5
"715",2010-04-29,12.3,7,75.5,5.9,22.8,18.1,47.3,73.1,44.2,97.6,22.3,16.4,77.3,122.7,7.8,30.6,125.6,34.5,190.8,15.8,1.4,15.8,57.9,3.7,36.9,28.2,29.9,17
"716",2010-05-14,88.5,10.6,31.3,82.4,57.7,50.8,144.6,60.2,41.9,29.3,92.8,47.6,92.2,113.3,23.9,0.8,16.5,65.5,34.6,89.7,0.1,0,64.1,0.5,76.3,66.7,20.2,21.6
"717",2010-05-29,7.1,0,119.1,167.9,77.6,197.4,166.1,150.1,127.6,13.5,5.3,148.1,492.8,112.7,52.9,119.9,167.7,73.3,25.5,131.2,0,0,34.6,63.2,81.7,75.1,4.3,8.2
"718",2010-06-13,0,0,93.6,147.3,31.7,28.8,251.4,121.8,177,18.9,5.4,180.5,229.3,196.3,31,65.4,36,11.8,29.8,157.2,0,0,185.3,126.1,10.9,37.3,0,1.4
"719",2010-06-28,0,2.3,83.4,81.9,35.6,56.4,37.1,53.9,134.6,2.8,3.9,63.6,24.3,32,11.9,114.2,90.2,56.9,38.4,67.4,0,1,10.7,41.6,138,136.3,0,0.6
"720",2010-07-13,3,0,20.3,6.3,4.6,2.4,14.8,6.4,8.9,35.8,1.8,7,30,2.7,5.5,112.1,175.6,6.2,41,6.5,0,0,4.3,48.6,76.9,91,0.3,0
"721",2010-07-28,0.1,0,43.5,6.3,5.2,6.7,22.8,117.2,19.6,7.2,1.2,35.9,21,24.4,5,31.6,13.5,46.1,51.1,3.8,0,0,36.2,142.4,133.8,42.8,1,0
"722",2010-08-12,0,0,67.6,20,29,31.7,35.3,82.7,87.8,1,0.8,52.2,8.2,90.5,61,235.9,48.4,67.7,146.7,24.3,0,0,52.8,145,53.3,41.8,0.7,0
"723",2010-08-27,0,1.4,20.6,18.4,4.6,40.5,16.6,108.9,14.3,49.5,0.3,15.8,35.3,23.6,6.5,101.8,20.2,17.4,96.8,29,0,0,23.1,130.1,193.5,126.9,1.7,2.7
"724",2010-09-11,22,0,137.2,36.2,166.9,154.7,108.3,155.4,143.5,29,0,155,101.8,119.9,120.6,182.7,206.6,167.8,63.7,64.6,0,0,158.9,137.9,48,234.7,8.6,1.3
"725",2010-09-26,0,0,82.6,18.6,43.8,150.8,33.9,124.4,175.5,24,0.6,124.7,108.4,163.9,121.7,97.5,125.6,80.1,132.3,26.4,0,0,80.4,73.1,67.2,90.6,9.8,0
"726",2010-10-11,43.1,2.1,47.5,47.9,117.6,51.8,134.2,210.3,204.1,71.3,4.5,124.2,264.4,42,7.6,44.5,53.7,96.7,84.9,20.7,0,0,66.7,64.6,23.1,76.4,22.7,1.4
"727",2010-10-26,44.7,0,101.4,23.4,74,52.9,60.9,44.2,89.1,41.1,0.1,84,179.7,51.8,86.9,54.8,123.1,39.9,51,83.3,0,0,93.3,60.9,0,177.3,14.5,2.2
"728",2010-11-10,72,0,41.5,47,38.3,17,68.6,0,80.4,50,6.8,42.4,104.3,57.4,18.8,0,18.7,36.9,16,26.7,6.2,15,22.9,0.8,0,104.7,125.1,29.9
"729",2010-11-25,47.5,71.4,6.6,30.3,6.2,6,23.7,0,59.4,62.8,54.9,34.2,32.6,54.5,15.7,0,2.1,10,15,0.2,59.3,50.4,66.1,0,0,38,59,25.6
"730",2010-12-10,91.3,68.9,21.2,29.4,0.8,0,0,0,5.2,15.3,5.6,0,100.3,0.4,0.9,0,7,0,8.2,11.5,58.1,41.3,0,0,0,4.8,60.2,6.6
"731",2010-12-25,37.9,19,12.5,0,47.6,0,2.2,0,8.5,27.4,25.7,0.6,73.4,57,0.8,0,0.7,3.2,8.4,0,0,4,8.4,0,0,6.5,12.3,2.5
