Accra.KIA,Akatsi,Akim.Oda,Akuse,Asamankese,Axim,Babile,Begoro,Bole,Dodoma,GilgilKwetu,Ho,Kigoma,Koforidua,Kumasi,Lake Manyara,Mbeya,Mtwara,Musoma,Nsawam,Pokuase,Same,Songea,Takoradi,Tamale,Tema,Wenchi,Yendi,date
2.0,0.0,5.8,5.1,3.6,0.3,0.0,2.5,0.0,26.4,0.8,39.4,122.1,0.5,6.2,73.39999999999999,102.2,12.9,41.699999999999996,3.6,16.4,23.4,317.0,40.9,0.0,1.5,0.0,0.0,1981-01
0.0,0.0,118.8,40.2,133.1,117.39999999999999,0.0,12.2,17.5,108.7,22.2,55.1,221.2,45.099999999999994,43.2,57.1,237.9,67.2,35.7,104.2,41.4,1.5,265.9,12.0,0.0,0.0,1.0,0.0,1981-02
39.3,0.0,88.6,54.4,65.3,117.39999999999999,23.0,156.2,155.6,144.3,151.8,121.89999999999999,194.8,198.0,234.8,289.8,98.1,140.4,330.4,166.9,33.0,184.3,131.6,66.6,23.9,66.5,229.70000000000002,36.5,1981-03
23.4,37.9,98.6,52.3,120.0,135.1,63.6,40.1,67.2,43.5,178.8,73.39999999999999,169.1,42.4,76.4,203.1,19.3,154.9,194.1,40.9,30.400000000000002,138.2,105.1,46.5,66.8,58.0,106.39999999999999,104.7,1981-04
140.20000000000002,32.1,305.2,147.70000000000002,256.8,465.90000000000003,152.79999999999998,197.7,183.7,4.3,139.7,278.6,140.1,169.89999999999998,180.3,51.6,9.8,160.6,126.0,208.6,184.9,91.3,10.9,363.59999999999997,150.5,132.7,123.1,148.9,1981-05
144.6,17.0,184.7,320.4,242.3,517.5,84.5,149.7,132.9,0.0,97.1,89.5,4.1,212.8,95.60000000000001,2.3,0.6,70.7,15.200000000000001,246.7,240.7,0.0,0.0,354.5,154.9,206.6,60.9,153.2,1981-06
84.0,9.700000000000001,179.9,98.7,155.9,76.6,205.1,271.2,160.2,0.0,187.89999999999998,101.8,2.2,167.3,210.6,5.0,0.0,113.8,44.1,117.5,120.0,0.0,0.0,49.9,226.7,141.0,141.70000000000002,304.0,1981-07
56.9,3.5999999999999996,59.9,48.9,91.10000000000001,23.599999999999998,189.5,163.4,182.29999999999998,0.0,148.6,105.0,13.3,108.4,123.0,10.0,0.0,13.2,17.2,80.39999999999999,39.199999999999996,10.399999999999999,0.6,23.5,291.6,26.0,147.4,262.0,1981-08
98.8,0.5,294.6,189.8,119.5,111.89999999999999,154.8,187.2,301.3,0.2,79.2,120.4,14.3,145.6,356.7,20.400000000000002,0.5,4.1,49.0,91.0,47.900000000000006,7.7,0.0,73.1,145.6,68.0,238.7,228.4,1981-09
68.0,7.1,334.9,113.7,149.4,74.3,29.5,204.0,63.800000000000004,0.0,125.7,319.8,102.3,117.60000000000001,111.0,89.5,10.9,5.9,38.3,105.5,97.1,98.0,5.6,84.8,39.1,35.900000000000006,251.29999999999998,81.8,1981-10
12.2,0.0,54.5,130.0,35.3,74.9,0.0,22.900000000000002,0.0,3.2,37.3,50.0,101.4,27.5,25.2,67.10000000000001,32.3,0.2,47.5,91.3,91.10000000000001,22.299999999999997,42.1,34.9,0.0,9.399999999999999,12.6,0.0,1981-11
0.3,0.0,35.4,7.4,1.3,96.7,0.0,67.0,0.0,81.30000000000001,28.9,0.0,171.3,14.7,20.1,222.3,105.5,6.6,45.9,7.3,6.7,79.6,189.7,27.0,0.0,1.1,0.0,0.0,1981-12
17.8,1.8,0.0,8.4,30.700000000000003,32.0,0.0,0.0,0.0,109.0,8.5,43.4,149.4,4.3,33.6,128.5,181.3,20.900000000000002,54.9,44.2,3.5,0.0,277.7,11.2,0.0,0.8,0.0,0.0,1982-01
18.6,0.0,144.9,75.8,122.7,46.5,32.8,50.9,20.400000000000002,55.400000000000006,3.3,137.2,71.7,147.0,42.6,105.5,115.4,50.7,43.7,116.80000000000001,52.7,3.8,181.3,29.900000000000002,10.7,8.9,23.0,36.8,1982-02
74.39999999999999,110.8,154.5,85.8,276.6,60.300000000000004,40.9,149.8,85.8,34.2,0.5,104.0,78.5,168.6,70.0,99.8,171.1,55.1,80.2,154.20000000000002,181.3,28.599999999999998,241.7,68.0,67.6,104.1,129.7,79.60000000000001,1982-03
114.5,24.6,108.69999999999999,123.4,148.5,307.1,66.7,122.19999999999999,88.2,103.10000000000001,175.6,51.400000000000006,203.9,160.6,181.6,283.2,92.7,114.9,228.70000000000002,127.8,37.1,81.1,55.4,182.0,239.8,93.5,168.9,131.8,1982-04
170.1,41.8,92.5,102.3,129.5,614.6,52.6,136.5,124.1,0.0,108.39999999999999,93.39999999999999,128.8,100.1,217.2,218.4,15.7,359.3,224.6,90.0,135.9,156.8,62.300000000000004,334.0,134.8,108.9,118.7,103.8,1982-05
278.0,0.0,211.5,147.3,140.1,573.6,195.0,256.1,134.0,0.0,34.4,179.70000000000002,12.4,204.6,150.6,40.2,2.3,117.2,59.2,226.5,124.8,29.0,0.0,244.0,147.8,288.9,63.1,61.5,1982-06
60.8,0.0,63.0,119.2,157.9,302.09999999999997,227.39999999999998,209.6,195.4,0.0,96.3,99.1,2.1,95.0,149.9,16.1,0.0,65.7,23.5,102.30000000000001,82.8,24.0,0.0,83.69999999999999,78.4,87.2,144.20000000000002,111.1,1982-07
2.3,0.0,63.9,75.2,42.0,27.2,201.5,79.2,195.7,0.0,103.3,34.5,2.4,58.599999999999994,92.7,25.900000000000002,0.0,35.0,43.0,20.6,2.1,11.1,0.0,8.2,107.89999999999999,0.8,65.0,181.5,1982-08
0.3,0.5,1.4,12.0,3.8,12.1,108.3,54.0,218.9,0.0,96.3,47.5,7.5,33.4,183.0,32.4,0.0,1.0,64.6,1.5,0.0,34.2,0.0,2.3,327.0,0.5,103.2,260.2,1982-09
36.7,6.7,250.0,112.3,282.5,205.7,125.3,105.6,119.89999999999999,6.5,122.6,230.1,150.0,272.9,190.8,221.6,41.2,1.2,117.6,163.9,116.3,137.5,24.5,130.2,46.400000000000006,48.0,134.4,73.8,1982-10
0.5,0.0,69.60000000000001,31.3,82.8,62.3,0.0,88.8,30.0,66.2,161.8,30.7,265.8,104.89999999999999,69.9,607.5,101.7,14.6,230.60000000000002,99.3,82.0,230.4,147.0,25.4,20.6,0.0,9.2,0.0,1982-11
0.0,0.0,1.6,42.7,5.0,10.1,0.0,2.4,0.0,216.5,123.5,37.1,118.8,20.400000000000002,0.0,214.2,185.2,43.3,81.3,11.7,0.0,31.6,281.6,13.5,0.0,0.0,0.0,0.0,1982-12
0.0,0.0,0.0,0.0,0.0,0.0,0.0,0.0,0.0,113.5,7.199999999999999,0.0,105.1,0.0,0.0,110.9,180.3,99.10000000000001,63.5,0.0,0.0,1.5,275.4,0.0,0.0,0.3,0.0,0.0,1983-01
0.0,0.0,70.9,0.0,16.3,0.8,16.0,16.7,0.3,68.0,29.2,9.1,107.9,0.0,34.0,35.9,91.1,199.3,16.0,27.5,0.0,105.69999999999999,132.70000000000002,0.0,0.0,0.0,8.2,0.0,1983-02
4.6,0.0,17.6,3.8,17.5,29.8,0.0,79.3,37.5,122.8,9.2,13.2,118.2,71.1,67.0,79.3,145.9,306.9,76.3,22.9,0.0,57.6,242.2,0.0,82.2,1.8,12.6,69.39999999999999,1983-03
33.099999999999994,50.300000000000004,250.29999999999998,87.4,94.5,50.1,11.899999999999999,79.8,69.3,4.4,99.9,132.0,168.2,186.6,84.39999999999999,66.2,66.7,92.0,192.4,40.9,28.6,39.2,76.1,7.8999999999999995,47.8,42.4,137.20000000000002,72.6,1983-04
53.8,59.699999999999996,157.0,41.099999999999994,146.7,471.7,101.1,215.70000000000002,127.0,8.299999999999999,112.6,11.2,42.5,123.3,116.2,103.0,15.8,269.0,132.6,90.7,87.6,91.4,27.9,183.20000000000002,174.7,83.9,264.4,134.1,1983-05
152.3,172.3,150.4,225.0,158.7,236.0,83.4,163.4,90.6,0.0,124.7,155.3,4.0,166.7,231.20000000000002,17.3,0.1,77.4,49.5,85.8,133.8,15.5,0.5,127.5,65.2,154.8,112.5,159.4,1983-06
1.3,40.9,42.3,12.5,16.6,33.199999999999996,110.19999999999999,53.50000000000001,68.3,0.0,79.3,139.0,2.7,49.3,34.2,6.2,0.0,14.6,33.4,31.700000000000003,2.1,0.0,0.0,15.6,101.7,0.0,19.0,134.6,1983-07
10.5,0.6,10.9,0.0,26.5,21.1,72.7,34.0,130.5,0.0,100.1,19.4,29.099999999999998,7.8,47.5,6.3,0.4,3.4,44.0,16.1,5.4,0.0,0.0,6.199999999999999,81.3,0.0,4.3,74.4,1983-08
55.5,121.1,135.1,66.8,210.0,94.6,163.3,154.6,151.2,0.0,101.3,163.4,7.5,111.2,94.6,6.1,3.0,1.7,61.1,118.9,83.1,1.7,0.0,47.5,234.6,47.3,145.1,139.1,1983-09
2.3,117.89999999999999,41.8,85.0,123.5,114.8,4.9,94.5,31.9,0.0,116.2,143.8,124.4,223.4,43.3,18.700000000000003,3.2,8.8,91.5,107.1,34.5,2.7,26.5,30.6,4.6,0.0,124.7,3.1,1983-10
5.4,59.7,99.0,12.8,44.9,24.240000000000002,0.0,57.3,6.6,19.2,101.2,49.0,69.7,77.8,67.3,37.4,21.400000000000002,41.5,67.1,72.89999999999999,32.7,21.2,42.0,0.0,0.0,0.0,0.3,0.0,1983-11
14.3,46.2,27.799999999999997,41.1,107.8,13.3,0.0,87.6,48.8,220.4,84.2,31.0,126.6,33.0,86.3,133.7,144.1,17.1,55.3,31.0,38.0,175.1,231.3,34.0,0.0,0.0,21.3,46.0,1983-12
12.799999999999999,1.0,0.0,2.8,43.9,36.4,0.0,43.4,0.0,170.0,18.0,0.0,77.1,1.8,0.0,97.3,314.3,21.3,51.1,69.1,34.2,29.999999999999996,451.4,18.1,0.0,0.0,0.0,0.0,1984-01
0.0,6.8999999999999995,25.1,7.8999999999999995,31.200000000000003,39.4,0.0,34.0,0.0,122.4,1.3,35.3,85.2,6.6,8.9,43.7,136.8,85.1,34.8,17.1,14.6,1.2,196.5,3.0,0.0,0.0,0.5,0.0,1984-02
61.0,90.1,183.3,165.0,53.4,73.5,23.8,337.1,71.7,64.1,3.0,265.7,96.3,122.2,135.1,98.0,161.9,186.70000000000002,26.7,117.3,42.0,81.3,213.5,54.4,13.3,17.3,215.5,40.6,1984-03
81.0,61.4,216.1,108.0,192.79999999999998,274.1,20.8,103.6,134.0,117.3,90.5,4.9,147.8,172.1,80.5,169.1,115.0,196.60000000000002,151.4,46.300000000000004,91.4,162.8,52.3,152.8,63.5,50.5,213.4,72.0,1984-04
122.0,98.1,218.6,259.3,113.9,302.8,174.1,182.4,140.5,0.0,34.099999999999994,158.4,41.8,198.9,132.5,35.5,2.8,187.9,110.8,135.9,204.7,30.2,4.6,164.8,74.0,99.2,186.0,146.4,1984-05
96.2,82.9,169.1,113.5,307.3,717.2,83.7,400.6,108.19999999999999,0.0,34.0,180.9,4.1000000000000005,186.1,179.9,16.3,0.0,247.4,29.400000000000002,213.9,61.7,30.5,1.4000000000000001,243.0,209.6,48.0,143.4,181.6,1984-06
58.7,188.3,287.0,135.2,214.5,106.30000000000001,117.8,174.6,240.8,0.0,126.6,189.4,6.7,163.7,276.5,11.2,0.0,46.6,40.9,168.7,82.2,8.9,6.8,0.0,165.7,50.3,192.6,180.9,1984-07
85.3,16.5,111.7,98.8,200.9,66.7,128.9,262.6,219.9,0.0,100.3,205.5,5.0,186.1,171.2,5.9,0.0,0.5,28.1,129.1,159.8,0.1,0.0,170.70000000000002,166.6,20.400000000000002,214.0,235.6,1984-08
99.3,103.0,101.10000000000001,174.2,136.3,49.8,136.6,49.3,96.0,0.0,32.599999999999994,87.0,10.600000000000001,161.1,214.79999999999998,9.3,0.0,7.3,12.8,80.0,112.1,6.2,0.0,67.0,183.2,79.9,127.9,176.3,1984-09
49.0,167.4,293.0,139.6,183.1,250.9,51.2,73.0,64.8,0.0,85.1,154.8,117.6,170.5,138.8,85.1,3.3,2.1,108.5,216.7,123.2,41.8,0.0,108.3,23.8,48.9,63.199999999999996,78.60000000000001,1984-10
14.2,23.6,65.3,37.2,74.8,67.9,27.200000000000003,16.5,8.7,77.0,45.3,53.3,181.7,7.3,44.4,189.5,80.2,23.3,110.5,38.2,33.8,51.099999999999994,127.30000000000001,53.6,24.0,15.1,53.099999999999994,7.8,1984-11
25.4,25.9,41.699999999999996,40.3,36.8,0.0,0.0,6.9,0.0,143.3,48.1,0.0,120.6,18.0,1.3,70.1,267.3,1.1,66.6,45.800000000000004,15.0,24.8,130.0,0.3,0.0,31.700000000000003,0.0,0.0,1984-12
4.8,3.43,1.6,0.0,25.400000000000002,15.8,0.0,6.9,0.0,164.1,4.1,16.0,109.9,9.9,18.5,53.4,131.1,51.4,93.6,20.400000000000002,7.8,1.9,150.2,42.0,0.0,0.3,9.9,0.0,1985-01
6.6,10.28,51.7,30.0,96.0,83.6,0.0,19.200000000000003,0.0,279.0,30.3,6.9,123.1,21.5,45.5,125.1,203.8,125.1,76.9,6.1,0.0,112.7,254.6,30.700000000000003,0.0,8.1,1.9,0.0,1985-02
62.0,22.869999999999997,232.9,83.39999999999999,112.89999999999999,183.6,0.0,159.2,59.7,74.5,78.3,111.7,125.8,136.0,247.4,253.7,127.4,74.2,184.5,136.6,89.4,19.7,116.1,61.300000000000004,34.699999999999996,57.3,124.6,97.5,1985-03
67.0,110.22999999999999,175.5,56.400000000000006,16.8,50.400000000000006,18.2,132.8,77.9,39.0,200.9,91.5,166.2,94.5,166.9,160.8,124.0,87.1,277.1,93.5,22.6,16.7,74.8,53.5,63.3,14.0,176.4,64.9,1985-04
212.7,210.6,369.4,121.4,151.5,429.5,104.6,167.6,132.2,1.3,105.9,126.9,28.1,195.0,105.2,72.9,37.6,343.5,136.2,129.7,147.6,81.6,6.300000000000001,171.0,73.8,171.7,116.3,85.6,1985-05
121.6,14.780000000000001,184.4,120.30000000000001,145.4,497.7,257.5,49.8,150.4,0.0,124.39999999999999,129.5,19.7,112.1,159.20000000000002,10.3,0.0,81.0,23.9,117.5,172.5,4.2,1.4,185.8,193.4,94.0,131.1,161.3,1985-06
23.3,7.489999999999999,117.4,202.3,182.0,116.39999999999999,143.1,324.4,192.1,0.0,111.60000000000001,283.6,2.6,235.4,417.1,6.9,0.0,20.6,29.1,192.7,154.9,5.4,5.699999999999999,45.2,273.0,8.6,237.0,232.5,1985-07
20.8,22.389999999999997,108.6,92.6,14.0,116.4,219.2,283.3,155.4,0.0,121.6,179.2,2.2,174.4,96.5,5.8,0.0,24.4,20.7,40.4,43.4,1.5,1.0,62.199999999999996,165.1,46.3,186.1,271.4,1985-08
37.5,9.620000000000001,159.7,151.5,197.6,51.7,219.0,187.7,361.0,0.0,72.0,123.6,10.0,238.3,202.8,2.1,0.0,26.700000000000003,22.400000000000002,62.2,65.4,1.0,3.1,34.5,178.8,23.9,243.3,198.9,1985-09
52.2,59.56,170.7,224.4,177.4,79.5,12.2,24.799999999999997,47.199999999999996,0.0,27.3,136.9,32.6,244.9,99.7,43.2,0.3,16.6,34.699999999999996,165.7,83.1,50.7,0.0,64.8,52.199999999999996,98.2,169.8,90.2,1985-10
64.2,13.709999999999999,82.7,37.5,10.8,199.0,0.0,63.99999999999999,18.0,46.7,52.5,130.6,216.9,60.5,110.4,140.4,181.9,22.0,89.7,84.8,127.60000000000001,36.7,142.70000000000002,111.8,0.0,21.1,70.1,28.4,1985-11
7.9,1.53,18.1,2.0,0.0,9.2,0.0,8.5,0.0,77.0,17.6,2.8,221.5,5.2,0.0,79.6,178.3,8.4,69.9,12.2,0.0,44.4,166.8,26.2,0.0,0.0,0.0,0.0,1985-12
0.0,0.0,0.0,0.8,11.7,0.0,0.0,0.3,0.0,116.7,1.8,2.1,204.7,0.0,0.0,93.0,235.0,116.7,47.199999999999996,35.3,0.0,128.70000000000002,437.1,0.0,0.0,0.0,4.2,0.0,1986-01
63.7,0.0,41.7,57.4,101.39999999999999,55.7,34.0,37.2,3.8,79.7,0.0,212.7,167.29999999999998,108.89999999999999,132.1,25.400000000000002,177.3,129.9,115.3,107.7,13.3,0.0,170.5,62.3,0.0,47.3,11.0,0.4,1986-02
65.9,131.5,203.9,123.10000000000001,116.89999999999999,125.3,10.2,134.1,59.199999999999996,75.3,13.7,100.2,89.2,83.89999999999999,64.4,135.9,191.6,298.40000000000003,141.5,143.4,43.9,19.4,244.5,20.0,43.2,28.6,116.8,26.1,1986-03
19.799999999999997,93.8,90.6,102.3,162.3,147.6,50.4,61.50000000000001,60.599999999999994,24.8,154.8,125.7,130.8,115.7,70.7,191.7,92.7,155.0,235.70000000000002,118.8,111.0,102.4,86.5,50.4,80.0,27.9,164.7,68.5,1986-04
144.1,93.3,207.5,220.5,109.1,224.8,68.3,120.6,152.7,19.6,93.5,186.79999999999998,67.3,126.7,154.8,165.6,7.0,248.0,139.2,147.29999999999998,187.7,115.3,2.7,99.4,149.8,85.5,102.6,50.0,1986-05
60.699999999999996,214.5,77.6,79.89999999999999,124.0,807.3,173.8,118.3,147.2,0.0,61.2,117.3,4.7,84.1,268.0,5.4,0.0,121.5,20.400000000000002,64.4,69.2,18.9,2.7,185.2,172.6,63.4,114.4,196.6,1986-06
33.1,28.1,133.9,42.0,137.29999999999998,304.7,174.5,138.9,156.9,0.0,116.0,200.6,2.3,204.5,176.3,0.5,0.0,11.0,14.1,79.0,64.3,0.0,0.0,163.60000000000002,168.1,0.8,100.30000000000001,220.2,1986-07
0.8,2.0,17.5,22.900000000000002,16.0,7.0,262.5,64.4,126.80000000000001,0.0,68.4,21.0,3.1,52.9,68.5,3.5,0.0,3.6,11.7,10.5,0.0,1.1,0.0,21.3,131.8,0.0,109.9,177.2,1986-08
29.900000000000002,76.2,136.3,113.39999999999999,131.1,100.2,297.3,238.4,189.79999999999998,0.0,93.7,62.099999999999994,12.0,118.2,114.2,0.6,0.0,11.299999999999999,11.100000000000001,116.2,72.89999999999999,0.0,0.0,18.6,178.5,5.3,178.29999999999998,235.5,1986-09
83.1,99.3,158.8,94.5,123.7,162.5,58.6,133.70000000000002,124.1,0.0,62.7,154.1,78.1,136.3,170.6,58.1,82.1,7.2,104.9,120.4,113.89999999999999,5.5,11.299999999999999,51.9,126.0,73.2,219.79999999999998,147.29999999999998,1986-10
38.5,43.0,34.3,31.5,47.4,117.9,46.0,20.2,13.3,1.0,34.0,45.5,114.1,57.6,13.0,93.9,66.0,36.6,61.599999999999994,40.4,64.6,73.7,59.0,61.4,32.3,6.1000000000000005,47.5,15.5,1986-11
5.6,0.0,5.3,0.0,0.0,4.1,0.0,0.3,0.0,157.8,46.4,0.0,163.8,3.3,0.0,160.8,250.9,23.6,220.6,0.0,1.2,116.9,342.9,8.3,0.0,29.9,0.0,0.0,1986-12
3.8,0.0,36.599999999999994,1.3,30.7,79.10000000000001,0.0,1.5,0.0,330.8,9.7,8.5,66.9,21.7,5.8999999999999995,142.70000000000002,247.3,9.0,56.2,20.1,4.0,96.4,287.3,5.1,0.0,24.0,0.0,1.2,1987-01
3.3,32.7,86.19999999999999,4.1,7.6,1.6,0.0,69.6,8.4,84.6,17.0,17.1,83.6,95.1,64.8,96.6,166.8,105.60000000000001,116.7,12.799999999999999,13.4,50.0,219.2,19.5,0.0,5.2,24.2,0.0,1987-02
21.700000000000003,74.8,92.5,117.39999999999999,161.8,184.4,1.3,108.5,51.6,126.9,74.1,155.9,104.3,55.1,110.0,135.1,76.3,355.09999999999997,121.1,150.7,118.1,52.9,258.4,39.8,28.0,42.6,132.4,48.4,1987-03
24.6,111.8,173.4,84.4,14.7,45.400000000000006,86.6,71.9,50.4,102.7,95.0,119.3,240.7,123.0,171.0,76.39999999999999,62.900000000000006,259.6,162.20000000000002,137.0,38.8,148.7,57.2,92.2,14.299999999999999,45.5,34.1,8.1,1987-04
62.2,70.9,106.0,82.1,15.9,376.20000000000005,56.1,172.8,81.1,5.5,88.0,247.5,46.0,108.6,46.3,131.2,27.1,355.1,191.5,122.39999999999999,36.1,148.7,5.7,170.3,128.0,106.4,144.4,101.5,1987-05
16.7,92.10000000000001,100.9,64.62,47.699999999999996,375.1,72.0,179.2,176.9,0.0,178.79999999999998,134.1,8.1,109.2,245.9,4.7,0.0,87.39999999999999,73.3,32.1,105.19999999999999,0.9,0.0,203.9,188.5,3.4000000000000004,116.6,126.3,1987-06
18.700000000000003,39.4,142.8,38.6,165.2,174.5,224.9,199.3,105.0,0.0,29.7,110.89999999999999,2.3,114.9,156.8,4.5,0.0,9.9,26.6,63.39999999999999,79.9,1.2,0.0,126.3,173.4,21.2,134.0,234.39999999999998,1987-07
79.3,107.60000000000001,182.3,139.0,255.79999999999998,460.7,340.40000000000003,352.0,192.0,0.2,94.5,254.1,2.3,244.8,192.1,10.1,0.0,1.7,24.4,177.6,169.8,24.1,0.0,333.4,143.8,57.4,156.9,216.8,1987-08
275.8,273.7,275.2,187.9,25.3,465.8,195.29999999999998,378.1,211.89999999999998,0.0,38.5,206.3,51.4,277.3,188.7,1.8,33.1,3.7,40.8,339.9,267.4,1.6,0.0,339.2,173.0,297.9,297.8,181.8,1987-09
83.2,78.6,295.4,87.6,23.8,387.7,27.1,239.6,68.4,0.0,82.5,124.6,71.9,126.5,74.39999999999999,0.2,14.600000000000001,40.7,22.7,106.5,109.0,13.600000000000001,8.8,169.5,107.89999999999999,75.7,201.5,96.1,1987-10
9.1,12.399999999999999,21.5,67.0,17.9,118.4,1.3,5.3,1.3,73.1,174.1,23.0,126.7,21.7,39.5,45.8,39.6,47.2,121.1,45.5,42.3,45.1,1.5,28.000000000000004,0.0,0.0,8.8,0.0,1987-11
41.9,43.7,0.0,12.700000000000001,1.5,79.2,0.0,24.900000000000002,0.0,18.8,16.0,7.7,89.6,3.3,8.200000000000001,36.6,140.0,4.5,22.4,6.8,70.2,6.6,106.2,30.700000000000003,0.0,14.0,0.4,0.2,1987-12
0.0,1.17,19.5,0.0,0.4,13.5,0.0,55.599999999999994,0.0,142.4,56.1,21.4,121.4,34.800000000000004,0.0,208.4,266.1,205.9,97.89999999999999,0.0,0.0,21.4,220.2,0.0,0.0,0.0,10.4,0.0,1988-01
9.2,32.8,15.6,26.200000000000003,6.699999999999999,89.3,0.0,14.0,0.0,73.8,19.0,62.5,69.1,37.2,10.0,53.8,133.0,213.20000000000002,45.5,107.0,60.5,35.2,138.2,164.7,0.0,90.10000000000001,54.5,9.1,1988-02
79.6,53.1,204.5,49.2,9.3,187.4,9.4,88.2,36.0,196.2,34.9,187.8,138.3,99.1,309.5,128.3,324.59999999999997,140.4,119.6,83.6,49.7,87.9,129.0,66.5,43.5,52.2,179.8,7.0,1988-03
50.8,31.900000000000002,88.1,145.4,14.6,318.0,35.3,110.7,77.1,5.5,253.6,174.1,219.9,301.8,135.7,178.5,59.8,111.7,301.1,96.5,60.599999999999994,119.39999999999999,42.6,55.4,88.1,77.3,96.6,53.300000000000004,1988-04
241.8,145.4,210.7,145.3,19.3,237.39999999999998,57.6,80.9,163.9,0.0,76.5,148.6,19.3,167.1,130.3,2.7,0.0,112.7,206.3,123.80000000000001,152.8,5.5,1.1,131.9,72.69999999999999,99.4,107.4,120.8,1988-05
254.9,80.5,268.7,174.3,282.3,344.9,138.0,243.0,295.5,0.6,164.6,223.1,4.4,199.2,341.7,18.6,0.0,31.3,19.8,265.6,277.7,8.5,0.0,225.8,183.5,172.20000000000002,155.7,162.8,1988-06
97.7,3.8,115.6,57.8,46.699999999999996,38.9,187.0,319.2,83.7,0.0,135.8,134.7,3.3,88.1,138.79999999999998,0.8,0.0,32.4,54.9,132.1,146.0,1.0,0.0,82.1,329.3,44.8,166.5,145.6,1988-07
12.0,32.8,31.4,54.6,32.6,12.5,261.7,83.1,95.7,0.0,162.1,40.3,18.7,44.800000000000004,15.0,9.7,0.2,0.0,34.0,57.6,17.7,5.5,0.0,9.9,213.1,1.8,77.7,247.60000000000002,1988-08
31.4,35.49,0.0,122.1,144.5,210.60000000000002,210.8,378.3,151.3,0.0,93.5,166.3,24.0,176.2,185.5,10.1,0.0,2.4,80.6,103.4,79.8,46.7,0.0,212.1,139.3,72.89999999999999,225.2,192.9,1988-09
130.3,28.11,279.9,123.0,312.8,130.29999999999998,14.3,121.0,71.39999999999999,0.0,99.9,83.6,100.6,124.5,136.4,14.9,11.5,1.3,55.2,206.70000000000002,76.3,12.6,1.6,64.0,23.5,52.4,121.2,107.60000000000001,1988-10
53.7,21.96,76.5,64.6,147.9,101.3,0.0,21.9,12.8,0.0,105.7,44.7,136.3,117.9,38.599999999999994,31.400000000000002,71.3,0.2,100.5,103.5,248.0,26.700000000000003,42.9,15.9,27.400000000000002,1.1,14.6,3.9,1988-11
27.5,14.040000000000001,44.699999999999996,44.7,69.8,104.8,0.0,0.0,1.3,117.10000000000001,32.2,80.1,181.4,20.4,78.9,116.80000000000001,200.7,2.3000000000000003,143.0,61.5,19.299999999999997,88.0,133.4,32.4,0.0,65.8,0.0,0.2,1988-12
0.0,1.28,0.0,0.0,0.0,2.0,0.0,0.0,0.0,170.1,60.300000000000004,0.0,164.1,0.0,53.7,176.6,216.1,12.5,45.0,3.1,8.4,84.0,389.3,0.0,0.0,0.0,0.0,0.1,1989-01
4.1,14.1,27.4,0.0,16.5,14.299999999999999,0.0,2.6,0.0,107.1,57.4,5.8,139.1,39.3,2.3,65.5,100.0,67.5,67.0,1.5,11.8,0.0,138.1,0.5,0.0,0.0,0.0,0.0,1989-02
39.3,43.8,111.2,102.0,149.20000000000002,92.5,47.0,183.0,34.0,149.9,55.2,215.8,155.3,151.1,112.6,183.8,230.4,177.4,129.8,156.4,11.6,27.7,368.59999999999997,39.1,60.1,17.3,166.7,201.39999999999998,1989-03
132.9,74.3,54.0,116.1,141.0,136.3,65.4,19.6,53.2,121.8,128.5,115.39999999999999,152.5,82.3,77.2,265.7,183.5,185.9,100.7,129.3,55.5,300.2,168.6,141.6,41.2,142.2,159.0,13.899999999999999,1989-04
109.6,138.9,55.3,143.5,126.7,274.3,55.9,92.7,108.19999999999999,1.0,101.5,150.7,53.1,142.9,126.2,93.8,41.300000000000004,147.7,105.7,129.6,157.9,22.3,19.1,106.1,80.3,93.4,158.20000000000002,85.0,1989-05
148.7,189.7,189.1,241.3,313.6,514.5,86.0,254.79999999999998,304.7,0.7,32.1,346.4,11.299999999999999,319.5,310.4,7.5,0.0,146.2,16.4,286.2,135.0,0.5,0.9,240.79999999999998,289.09999999999997,169.6,347.0,229.2,1989-06
74.9,89.5,121.5,117.1,152.3,51.8,238.5,265.2,144.9,0.0,197.5,140.2,4.4,225.9,89.3,6.3999999999999995,0.5,25.4,17.4,96.10000000000001,37.5,0.0,0.0,168.6,102.4,64.9,208.20000000000002,240.8,1989-07
11.0,38.6,159.79999999999998,53.5,142.6,133.0,263.0,158.8,158.39999999999998,0.0,143.1,148.5,4.300000000000001,106.6,177.0,8.6,0.0,24.3,47.5,182.2,67.3,70.3,0.0,72.89999999999999,283.8,9.6,157.5,303.0,1989-08
45.699999999999996,130.5,76.7,197.4,163.7,52.9,243.5,178.1,348.0,0.0,121.6,142.2,23.5,176.8,281.2,22.9,0.6,1.2,102.60000000000001,105.7,67.7,4.8,0.0,44.8,495.8,15.700000000000001,214.9,518.3,1989-09
86.1,0.0,238.5,164.1,168.9,206.3,52.1,168.70000000000002,179.2,1.5,193.4,121.3,80.5,207.6,186.29999999999998,62.4,18.1,36.4,126.8,147.9,151.0,36.5,0.0,87.2,71.1,99.5,274.4,120.4,1989-10
4.4,0.0,160.0,125.30000000000001,78.1,39.699999999999996,0.0,51.7,0.0,43.1,115.6,43.6,125.8,34.7,39.5,65.1,89.19999999999999,8.3,181.9,116.5,108.7,31.8,93.9,43.5,0.0,3.6,20.1,0.0,1989-11
0.0,0.0,145.7,43.1,48.3,16.2,34.3,0.0,0.0,240.8,152.1,8.600000000000001,146.7,39.800000000000004,8.200000000000001,198.2,268.5,107.10000000000001,174.9,32.5,0.0,127.5,136.4,2.0,3.5,0.0,20.3,0.0,1989-12
9.6,0.0,23.5,15.0,0.0,24.9,0.0,19.1,0.0,34.8,84.5,14.600000000000001,134.29999999999998,19.5,33.5,51.0,131.0,252.5,36.5,0.0,1.0,53.2,151.8,0.0,0.0,1.4,3.0,0.2,1990-01
6.0,0.0,32.400000000000006,58.199999999999996,50.300000000000004,42.7,0.0,30.5,2.3,145.0,42.099999999999994,36.5,202.0,93.5,67.9,114.5,159.79999999999998,372.6,115.80000000000001,44.2,13.3,190.0,140.0,7.4,91.2,16.0,29.0,0.7,1990-02
1.5,0.0,32.1,71.9,60.099999999999994,12.0,0.0,60.7,0.0,190.9,257.8,23.099999999999998,246.29999999999998,33.599999999999994,110.19999999999999,215.3,87.9,187.7,186.0,57.6,15.8,221.9,140.9,33.800000000000004,0.0,5.5,0.0,0.0,1990-03
105.2,0.0,158.7,116.6,127.7,122.5,58.8,185.1,143.5,118.5,296.8,224.7,146.9,211.9,199.1,166.9,70.8,80.89999999999999,278.2,143.3,37.8,160.8,100.8,81.7,45.9,79.10000000000001,124.5,40.9,1990-04
99.5,0.0,63.1,118.2,140.7,248.3,105.8,140.9,149.9,0.0,51.5,123.39999999999999,93.9,66.3,115.3,48.7,21.3,205.7,67.39999999999999,188.8,164.4,13.200000000000001,15.4,73.7,130.0,114.8,101.5,47.3,1990-05
127.80000000000001,0.0,210.3,140.79999999999998,240.3,309.7,78.0,190.7,124.89999999999999,0.0,73.9,115.8,3.5,268.9,126.4,4.4,3.0,95.9,14.0,120.9,94.5,0.0,0.0,245.79999999999998,67.6,112.3,156.8,179.5,1990-06
39.6,0.0,138.8,51.7,84.1,54.800000000000004,196.4,116.7,219.79999999999998,0.0,74.7,115.1,2.2,105.6,22.6,3.8,0.0,116.30000000000001,8.5,79.4,96.7,6.0,0.0,26.1,97.9,13.100000000000001,35.3,197.1,1990-07
0.2,0.0,7.3,1.3,18.8,17.6,175.29999999999998,39.5,87.2,0.0,119.4,21.1,3.0,23.6,27.3,5.800000000000001,0.0,2.6,39.5,9.2,12.0,0.0,0.0,6.6000000000000005,228.6,0.1,93.8,174.8,1990-08
24.900000000000002,35.4,128.5,100.0,75.7,48.5,261.4,140.7,208.8,0.0,42.6,203.0,32.8,221.6,197.29999999999998,3.2,0.5,0.1,32.4,118.10000000000001,94.4,0.0,0.5,9.6,311.0,39.2,284.2,183.6,1990-09
30.7,52.4,161.3,93.7,7.9,141.4,8.4,133.7,82.6,0.7,121.3,147.9,37.4,116.7,137.5,35.9,15.7,0.0,135.2,140.5,69.3,53.6,0.0,105.0,55.7,31.499999999999996,16.0,91.6,1990-10
37.8,79.7,133.1,59.1,29.4,113.8,16.799999999999997,85.80000000000001,19.1,7.0,101.0,39.099999999999994,78.9,47.9,98.7,87.3,8.6,17.6,66.4,98.0,31.0,35.0,65.0,81.5,8.9,18.9,89.8,0.0,1990-11
85.1,108.0,93.89999999999999,85.2,165.7,248.9,2.5,53.5,13.6,5.1,55.900000000000006,103.4,193.1,98.6,83.4,152.7,202.4,6.5,74.0,138.29999999999998,82.3,55.5,96.4,62.0,33.0,111.0,96.5,23.799999999999997,1990-12
13.1,19.6,57.1,28.2,44.4,80.7,0.0,1.0,0.0,118.0,35.3,8.2,111.7,20.1,54.8,100.7,150.9,1.2,148.1,35.7,30.799999999999997,28.2,504.1,13.299999999999999,0.0,5.7,0.0,0.0,1991-01
5.5,44.5,50.0,2.1,57.7,52.699999999999996,3.3,107.0,4.8,166.79999999999998,12.4,60.7,124.6,74.9,83.9,20.3,129.0,43.0,118.3,2.1,4.4,1.2000000000000002,82.9,44.0,38.0,17.3,42.900000000000006,0.3,1991-02
52.2,0.0,52.0,86.4,168.7,56.7,18.1,159.6,69.0,121.1,101.1,81.0,61.7,96.1,77.8,116.4,135.6,105.8,93.2,89.2,21.4,47.6,325.5,44.3,49.199999999999996,4.7,118.5,162.5,1991-03
174.9,75.4,251.2,190.2,185.1,149.0,39.4,114.1,189.1,26.200000000000003,131.2,204.7,127.6,203.0,133.29999999999998,89.0,125.9,245.8,157.7,137.1,109.7,65.0,167.6,195.4,92.3,174.5,189.6,87.6,1991-04
277.7,175.6,246.6,283.0,245.4,282.5,177.8,233.5,390.4,0.0,106.8,325.4,193.6,330.0,306.9,87.7,6.8,211.8,125.7,244.6,500.7,81.1,8.0,317.8,354.2,183.4,344.1,194.3,1991-05
123.5,97.19999999999999,175.5,156.1,226.39999999999998,373.9,43.8,215.1,110.3,0.0,183.0,157.6,13.0,176.0,171.8,3.8,0.0,225.4,66.8,177.2,154.8,0.0,0.0,161.0,79.0,89.0,92.3,196.4,1991-06
263.09999999999997,164.5,167.6,110.1,356.2,423.6,181.4,147.79999999999998,197.0,0.0,74.0,123.7,2.8,272.0,88.10000000000001,5.4,0.4,56.8,43.699999999999996,226.5,251.7,16.2,3.9,158.8,190.0,195.2,170.7,187.6,1991-07
21.1,14.4,183.2,44.6,146.4,160.2,302.4,256.2,268.6,0.0,196.6,58.0,7.0,100.6,69.7,7.6,0.0,12.9,14.5,70.7,37.6,6.6,2.6,98.8,401.29999999999995,12.9,158.0,299.7,1991-08
12.4,41.8,105.0,57.2,94.5,34.8,113.69999999999999,267.4,123.6,0.0,73.5,167.8,44.8,128.6,143.20000000000002,1.4,3.4,47.8,18.3,40.199999999999996,22.5,0.0,3.2,7.8,222.4,23.3,116.8,202.0,1991-09
64.10000000000001,101.8,151.5,151.9,11.2,87.2,59.1,199.5,185.3,0.0,64.3,174.2,108.9,170.5,122.5,19.3,28.1,54.6,151.4,88.9,50.2,53.3,0.0,128.4,155.8,59.1,119.7,157.2,1991-10
0.7000000000000001,3.2,85.3,47.6,177.1,54.199999999999996,0.0,5.2,0.0,2.9,61.0,50.8,146.4,39.3,23.7,65.1,5.1,10.0,91.2,112.2,27.599999999999998,51.5,59.099999999999994,29.2,0.0,0.1,35.3,0.0,1991-11
0.0,7.0,4.5,14.2,63.199999999999996,12.8,0.0,57.9,23.9,127.8,53.3,3.1,145.0,46.3,0.1,130.0,215.79999999999998,48.599999999999994,73.2,4.0,4.5,90.4,216.0,0.0,0.0,0.0,20.4,0.0,1991-12
0.0,0.0,0.0,0.0,0.0,14.5,0.0,0.0,0.0,6.4,6.8,0.0,126.4,0.0,3.6,27.2,151.4,109.6,14.4,0.0,0.0,0.1,162.1,0.0,0.0,0.0,3.2,0.0,1992-01
0.0,0.0,5.9,0.0,18.0,0.0,0.0,0.8,0.0,202.0,7.799999999999999,5.8,79.7,53.4,5.5,64.8,179.89999999999998,274.3,40.4,0.0,0.0,11.5,193.9,0.0,0.0,0.0,21.6,0.0,1992-02
93.2,68.8,68.8,56.699999999999996,100.9,41.1,0.0,93.0,9.6,127.8,12.600000000000001,46.6,103.5,87.9,74.3,63.9,183.5,75.0,37.2,43.0,32.6,2.3,225.9,47.3,35.0,35.699999999999996,33.8,36.7,1992-03
65.89999999999999,50.2,119.5,56.5,138.3,130.4,139.89999999999998,166.8,17.0,32.9,169.6,85.3,158.29999999999998,134.8,152.8,271.0,26.7,212.0,134.8,104.89999999999999,30.5,159.3,60.0,114.5,44.4,35.0,184.4,61.099999999999994,1992-04
171.1,170.4,184.9,251.9,230.5,465.4,58.5,176.4,92.89999999999999,11.899999999999999,144.0,99.30000000000001,82.7,178.0,150.29999999999998,109.9,55.6,121.8,71.3,255.1,123.4,69.4,12.3,231.0,68.4,254.3,250.7,103.19999999999999,1992-05
93.0,39.5,170.7,46.7,95.0,438.5,198.9,121.19999999999999,95.0,0.0,167.1,74.4,13.500000000000002,58.6,132.7,3.1,0.0,179.0,44.0,55.300000000000004,31.299999999999997,0.4,3.9,240.89999999999998,141.9,80.0,154.8,120.8,1992-06
55.7,6.1,125.8,82.9,173.5,93.8,178.5,41.8,116.60000000000001,0.0,156.3,53.0,2.2,137.4,79.2,6.4,0.0,30.8,60.6,138.6,28.9,0.4,0.0,73.8,116.7,24.5,103.1,206.3,1992-07
8.5,3.4,49.0,4.8999999999999995,83.6,4.2,139.1,52.9,90.2,0.0,122.7,9.4,2.4,12.3,30.400000000000002,3.9,0.0,2.3000000000000003,12.8,8.9,6.6,0.5,0.0,2.9,45.2,1.6,13.5,67.5,1992-08
8.2,112.4,100.10000000000001,36.9,192.2,107.60000000000001,180.6,253.4,294.59999999999997,0.0,117.69999999999999,164.2,5.4,78.8,312.8,1.6,0.0,12.0,40.4,169.7,183.2,0.0,0.0,44.2,186.1,4.6000000000000005,267.5,227.6,1992-09
35.1,57.699999999999996,160.1,147.8,88.2,343.0,59.0,224.9,45.0,0.0,116.89999999999999,110.5,85.7,123.0,49.2,31.8,3.5,17.1,84.4,151.2,67.39999999999999,3.6,0.0,182.2,34.7,16.3,110.3,74.60000000000001,1992-10
26.1,47.8,138.4,96.3,125.39999999999999,142.0,16.0,110.6,60.99999999999999,42.7,104.2,58.3,197.5,113.5,65.6,86.5,74.7,22.3,93.7,55.6,129.5,65.19999999999999,134.2,60.5,22.9,5.9,142.8,19.8,1992-11
0.2,58.1,42.4,3.1,69.3,67.1,0.0,29.5,0.0,63.4,91.9,101.3,138.1,57.2,7.1,142.8,137.8,39.4,147.1,46.5,16.5,70.3,105.6,46.3,0.0,0.0,0.0,0.1,1992-12
20.6,0.0,0.2,0.0,5.1,28.3,0.0,0.0,0.0,180.5,148.5,0.0,149.0,0.0,2.0,128.5,332.3,16.5,109.8,3.5,8.1,81.2,174.4,0.8,0.0,0.0,0.0,0.0,1993-01
5.800000000000001,14.0,35.8,59.9,67.0,35.1,1.5,18.4,0.0,170.99999999999997,165.4,28.7,78.2,68.4,53.1,95.1,124.7,45.9,54.8,47.4,40.4,23.8,337.7,70.30000000000001,22.4,5.8999999999999995,19.1,0.0,1993-02
6.3,28.799999999999997,158.3,40.699999999999996,107.10000000000001,131.4,57.7,150.9,79.30000000000001,70.4,9.4,87.5,168.8,272.3,117.5,80.4,200.0,180.5,45.3,36.4,38.7,25.7,304.6,46.6,22.6,49.3,283.0,23.900000000000002,1993-03
96.19999999999999,103.69999999999999,153.5,146.8,230.2,274.2,68.1,47.1,146.8,38.400000000000006,86.0,134.29999999999998,101.9,155.0,152.70000000000002,46.5,104.2,275.5,165.5,88.9,59.2,61.3,115.9,169.1,55.2,61.0,92.7,104.3,1993-04
49.0,110.3,86.7,55.2,70.2,111.7,129.8,178.3,100.9,0.0,128.2,79.3,63.9,49.7,197.85,45.4,22.000000000000004,148.1,206.9,100.8,46.8,42.3,21.6,145.6,30.1,78.8,186.4,142.2,1993-05
81.4,150.4,270.1,216.5,292.59999999999997,891.5,107.1,300.6,48.0,0.0,138.3,147.8,6.6000000000000005,233.5,338.9,4.9,0.0,156.0,74.7,218.4,173.3,0.3,0.0,353.3,112.8,154.10000000000002,139.2,139.0,1993-06
4.1,71.2,141.6,34.699999999999996,166.7,23.5,234.2,89.1,150.60000000000002,0.0,52.3,102.1,2.5,87.2,31.0,3.5999999999999996,0.0,35.8,4.5,103.6,33.9,0.7,0.0,9.1,272.3,7.200000000000001,73.0,152.2,1993-07
17.2,37.900000000000006,48.2,94.0,75.7,25.8,263.7,113.3,194.3,0.0,51.4,123.6,6.9,94.5,102.60000000000001,5.2,0.0,21.5,37.699999999999996,88.3,46.8,23.3,0.7,37.5,201.49999999999997,13.2,28.6,346.7,1993-08
75.0,146.9,251.70000000000002,168.0,173.8,63.6,188.5,223.0,247.7,0.0,57.0,204.2,4.3,228.1,168.0,1.1,0.0,2.9000000000000004,14.7,190.3,78.30000000000001,0.0,0.0,102.39999999999999,196.4,61.5,247.9,184.5,1993-09
37.2,100.30000000000001,183.79999999999998,81.2,85.4,471.6,35.1,290.8,84.60000000000001,37.3,42.9,152.9,21.1,121.0,257.1,49.3,0.0,0.4,36.2,118.7,50.699999999999996,26.599999999999998,9.0,94.4,48.2,3.4,75.0,74.10000000000001,1993-10
66.7,15.399999999999999,129.1,78.9,165.0,225.7,3.8,84.5,74.0,5.6,85.7,72.5,105.7,135.0,52.4,24.6,42.7,10.3,83.1,68.4,94.7,8.100000000000001,18.8,157.8,30.2,54.9,53.3,5.6,1993-11
49.8,17.7,18.3,33.8,69.6,72.8,0.0,37.6,0.0,0.0,49.9,51.9,155.4,48.2,26.700000000000003,16.8,20.400000000000002,151.5,22.3,28.400000000000002,18.5,9.1,34.5,5.7,0.0,23.3,14.2,0.0,1993-12
0.0,42.8,25.7,1.5,4.1,123.3,0.0,8.6,4.8,238.3,0.3,24.1,125.8,24.5,0.0,90.2,244.5,44.300000000000004,129.4,24.7,31.0,15.7,339.8,39.2,0.0,9.299999999999999,0.0,0.0,1994-01
7.1,6.0,68.5,46.199999999999996,4.3,37.5,0.0,16.4,0.0,170.4,44.5,57.8,100.0,73.6,7.3,138.1,216.1,71.5,102.8,17.4,16.200000000000003,48.6,226.0,39.7,0.0,23.7,2.0,0.0,1994-02
52.7,73.80000000000001,90.8,118.4,8.0,59.8,50.2,124.1,38.4,48.9,73.2,35.099999999999994,133.9,44.1,52.099999999999994,132.8,181.29999999999998,21.9,199.7,137.1,75.8,80.2,359.7,47.5,73.1,34.0,103.69999999999999,10.2,1994-03
6.1,71.4,198.3,113.69999999999999,12.5,254.9,20.6,242.6,42.2,4.4,179.1,82.4,192.2,179.8,194.9,112.8,49.5,324.90000000000003,130.0,135.70000000000002,67.5,38.3,44.2,56.5,43.3,37.5,80.9,45.2,1994-04
135.2,259.6,166.0,177.9,20.2,202.8,100.8,235.4,109.7,0.2,65.8,179.4,49.6,188.9,210.79999999999998,83.3,9.8,193.0,91.0,191.5,183.8,113.5,0.2,190.7,201.6,127.39999999999999,116.2,135.4,1994-05
178.1,87.0,221.29999999999998,157.2,12.1,613.7,65.60000000000001,161.9,91.7,0.0,120.9,93.2,7.4,135.9,116.1,3.9,0.0,100.6,37.8,147.3,95.8,0.0,1.4,258.8,148.8,155.1,119.3,185.9,1994-06
11.0,5.7,44.6,36.1,3.0,48.6,191.0,74.4,103.9,0.0,48.3,61.800000000000004,4.5,54.5,96.5,8.100000000000001,0.0,1.6,12.5,68.6,73.30000000000001,5.699999999999999,0.0,56.1,191.60000000000002,3.7,19.7,124.10000000000001,1994-07
16.6,30.5,69.4,15.8,10.2,51.1,290.3,120.39999999999999,98.7,0.0,150.4,70.2,4.5,30.4,63.1,5.0,0.0,0.0,40.4,50.5,29.2,1.0,1.7,34.0,143.7,7.0,87.7,195.2,1994-08
24.6,40.8,146.7,122.89999999999999,204.6,145.6,193.7,237.2,249.20000000000002,0.0,53.5,126.19999999999999,17.4,144.0,156.1,4.9,0.0,7.8999999999999995,16.7,132.4,108.5,6.1,0.0,136.4,200.8,14.8,90.8,345.2,1994-09
90.0,219.2,211.6,136.2,17.8,461.8,156.9,290.8,260.5,0.0,77.3,239.9,101.3,161.9,179.0,23.700000000000003,2.2,0.0,111.0,182.6,178.6,11.9,5.7,223.7,156.0,73.5,260.6,135.5,1994-10
26.5,81.10000000000001,78.5,120.10000000000001,5.9,267.9,0.0,60.9,0.0,0.2,142.9,19.9,95.3,60.699999999999996,35.2,110.0,12.0,40.300000000000004,144.6,183.9,162.8,73.4,27.5,77.2,0.0,14.7,37.699999999999996,0.5,1994-11
0.0,0.0,0.0,0.0,0.6,51.8,0.0,0.0,0.0,68.4,44.1,0.0,196.2,0.0,0.0,207.9,110.8,0.5,69.2,0.0,0.0,64.3,133.6,0.0,0.0,0.4,0.0,0.0,1994-12
0.0,0.0,4.2,0.0,0.0,19.799999999999997,0.0,0.0,0.0,226.2,1.8,0.0,133.1,0.0,0.0,96.0,247.29999999999998,37.9,49.9,0.0,0.0,5.7,296.8,13.1,0.0,0.0,0.0,0.0,1995-01
27.5,0.0,32.3,7.6,26.6,37.2,0.0,22.3,2.8,100.7,57.99999999999999,38.0,101.8,3.2,0.7,99.2,223.4,71.7,74.7,14.0,0.0,44.4,268.8,26.2,1.8,0.2,1.9,0.0,1995-02
154.9,98.19999999999999,172.2,108.9,182.8,114.5,20.6,103.1,60.300000000000004,130.6,120.5,105.3,94.7,190.8,121.6,121.8,224.3,167.5,138.0,88.8,87.6,83.89999999999999,242.6,111.9,2.9,165.1,76.8,67.8,1995-03
89.8,42.8,152.6,179.0,208.4,189.2,47.199999999999996,265.7,94.1,0.2,159.5,133.8,151.6,265.6,198.8,234.1,59.599999999999994,349.2,211.5,170.5,91.7,63.199999999999996,54.2,158.2,30.2,97.3,232.3,53.6,1995-04
88.5,84.4,125.5,58.699999999999996,165.6,270.5,134.70000000000002,171.9,38.7,5.1,105.5,152.1,67.7,152.7,175.8,133.6,0.0,211.8,141.0,265.09999999999997,93.8,41.7,4.8,108.5,121.80000000000001,135.8,163.5,151.60000000000002,1995-05
278.3,140.3,245.1,295.6,152.7,398.6,119.2,175.8,138.8,0.0,124.0,165.1,20.7,296.4,155.1,9.1,0.0,291.4,45.8,238.8,288.5,0.8,0.0,351.0,107.19999999999999,252.0,177.9,101.8,1995-06
273.90000000000003,80.19999999999999,119.5,195.9,129.1,196.0,208.79999999999998,233.0,234.4,0.0,58.3,209.8,2.1,195.20000000000002,136.6,3.8,1.2,95.60000000000001,24.599999999999998,100.7,99.60000000000001,1.6,0.0,170.2,83.8,140.20000000000002,115.8,183.5,1995-07
11.5,18.2,126.89999999999999,149.3,159.5,44.2,348.6,172.2,78.0,0.0,68.3,166.8,1.3,116.8,148.5,19.2,0.0,12.3,11.5,70.7,43.2,11.9,4.3,83.10000000000001,331.6,10.9,117.60000000000001,394.2,1995-08
2.2,65.5,118.69999999999999,113.19999999999999,104.7,44.0,168.7,199.8,228.0,0.0,82.1,191.4,12.100000000000001,43.8,138.8,15.0,0.0,1.8,71.0,100.60000000000001,135.60000000000002,1.0,0.0,108.39999999999999,140.1,1.1,290.59999999999997,190.20000000000002,1995-09
39.2,63.6,164.5,158.7,97.6,80.80000000000001,130.0,170.49999999999997,119.0,0.0,230.3,99.10000000000001,77.0,103.3,95.7,65.1,0.0,2.3,127.60000000000001,154.7,76.19999999999999,63.8,0.0,26.5,172.1,4.5,145.6,131.5,1995-10
62.699999999999996,62.0,78.0,59.2,62.400000000000006,243.4,66.0,51.8,26.2,0.0,145.7,29.8,89.5,32.6,40.0,50.599999999999994,20.3,0.6,95.6,120.80000000000001,45.8,8.0,1.1,33.4,3.2,32.1,16.9,5.6,1995-11
1.3,4.800000000000001,24.0,80.0,49.8,25.0,18.3,61.5,7.3999999999999995,181.7,54.199999999999996,40.6,95.5,17.8,115.6,58.5,106.6,4.5,55.3,62.2,34.2,18.5,130.9,2.2,1.4,55.8,33.7,0.0,1995-12
0.0,0.0,69.4,1.3,2.5,4.1,0.0,10.7,0.5,116.3,16.2,5.1,116.9,39.900000000000006,3.7,98.8,254.4,6.9,76.6,23.900000000000002,1.5,37.0,140.7,14.1,0.0,0.0,0.0,0.0,1996-01
50.3,30.900000000000002,93.30000000000001,55.5,102.8,28.9,13.4,80.3,39.9,237.8,36.1,44.0,148.8,119.8,80.2,140.5,200.0,86.2,121.60000000000001,42.3,24.6,68.8,451.1,15.700000000000001,22.5,60.699999999999996,94.39999999999999,3.3000000000000003,1996-02
59.0,169.6,156.9,144.3,111.39999999999999,183.70000000000002,27.2,41.6,33.5,221.5,73.6,125.0,179.7,160.9,72.2,122.6,147.3,141.9,142.7,68.4,61.7,29.1,274.3,49.6,7.0,101.2,66.8,1.5,1996-03
86.2,162.6,174.2,161.2,165.7,187.79999999999998,52.4,169.1,125.6,69.1,118.2,255.6,141.2,78.5,111.8,153.6,156.9,79.4,108.0,98.89999999999999,46.599999999999994,80.7,70.9,96.4,111.5,291.0,202.4,60.8,1996-04
246.1,225.7,301.3,338.2,224.5,333.6,108.6,169.4,187.4,0.5,132.0,81.9,30.2,227.3,145.7,71.9,9.4,124.8,138.3,304.5,255.3,81.89999999999999,22.8,435.0,101.5,175.2,198.1,87.60000000000001,1996-05
126.3,179.2,133.1,121.19999999999999,149.0,492.2,99.9,266.0,95.2,0.0,109.89999999999999,282.9,18.5,181.70000000000002,106.0,15.299999999999999,0.0,0.9,22.3,185.2,109.8,0.5,0.0,506.5,220.0,165.4,177.8,287.6,1996-06
68.7,123.8,136.9,217.60000000000002,116.10000000000001,463.3,88.2,106.7,130.4,0.0,117.8,141.2,2.3000000000000003,166.5,202.7,20.2,0.0,16.4,38.8,58.4,37.9,0.0,0.2,131.8,40.400000000000006,78.8,90.8,124.1,1996-07
38.8,26.0,90.4,86.60000000000001,73.3,92.9,302.0,157.5,143.5,0.0,171.5,90.9,2.8,96.8,109.6,9.0,0.0,5.9,55.0,131.7,50.400000000000006,0.0,0.0,139.79999999999998,224.5,39.4,138.6,227.0,1996-08
15.0,10.0,24.8,50.8,80.8,53.1,163.3,109.39999999999999,136.4,0.0,141.3,67.1,24.6,51.0,72.5,4.3,0.1,0.1,91.6,27.4,16.6,2.8,0.0,20.9,226.70000000000002,10.9,82.5,251.70000000000002,1996-09
7.0,39.0,243.4,205.1,57.0,83.0,56.5,150.8,62.8,0.0,96.1,156.1,42.5,81.6,81.8,16.9,22.400000000000002,6.699999999999999,59.4,154.7,67.5,9.4,0.3,18.5,139.6,0.7999999999999999,74.5,72.1,1996-10
15.5,49.0,133.6,24.4,68.3,204.2,0.0,21.1,0.0,0.0,120.1,22.1,106.8,19.5,2.8,80.2,35.6,20.900000000000002,108.5,24.2,70.5,7.0,9.2,67.6,0.0,31.400000000000002,1.8,0.0,1996-11
3.7,2.1,65.3,2.1,68.0,34.5,0.0,19.6,0.0,65.2,12.399999999999999,61.9,115.3,11.6,51.900000000000006,40.6,235.9,50.7,31.2,52.8,29.7,1.1,210.3,9.7,11.3,0.0,28.0,0.0,1996-12
2.8,0.2,8.2,5.6,28.0,14.799999999999999,0.0,0.0,0.0,46.4,6.6,25.8,88.6,44.2,53.7,81.6,137.2,55.1,90.7,3.8,4.8,5.9,190.39999999999998,10.3,0.0,0.0,0.3,23.4,1997-01
0.0,0.0,21.4,1.5,17.0,49.9,0.0,1.3,0.0,82.5,0.0,42.7,62.9,49.0,33.0,41.5,190.4,113.0,10.2,0.0,0.0,1.9,317.5,0.0,0.0,0.0,0.0,0.0,1997-02
185.2,156.4,49.1,139.5,160.3,92.8,64.8,99.7,5.3999999999999995,22.0,19.1,60.2,169.0,103.4,138.0,66.1,41.0,352.9,123.29999999999998,129.4,112.10000000000001,31.4,51.2,157.1,62.0,122.5,121.80000000000001,13.799999999999999,1997-03
269.4,30.2,272.7,147.0,144.79999999999998,147.89999999999998,78.5,149.0,175.1,32.7,331.3,176.2,163.0,145.5,296.7,264.5,192.1,125.50000000000001,307.3,211.4,138.2,183.6,66.60000000000001,76.7,226.5,176.99999999999997,93.2,134.4,1997-04
135.7,261.7,153.5,214.0,146.1,494.4,53.599999999999994,101.8,73.4,52.599999999999994,84.7,154.6,45.8,136.3,218.70000000000002,157.8,0.0,63.9,81.6,120.3,63.7,94.2,0.0,208.8,147.6,262.3,183.7,156.3,1997-05
353.3,159.1,347.59999999999997,360.4,291.8,822.9,142.0,227.29999999999998,211.3,0.0,102.1,206.8,6.6,329.5,250.3,21.7,0.0,26.2,44.3,326.3,298.5,55.7,10.7,319.8,203.0,450.1,153.0,201.4,1997-06
37.800000000000004,106.3,79.1,128.5,69.7,34.3,184.8,159.8,114.9,0.0,74.3,114.7,2.3,60.8,73.4,5.1,1.4,11.6,27.7,72.6,48.800000000000004,5.0,0.0,44.4,148.6,40.5,74.2,157.8,1997-07
4.6000000000000005,6.5,36.7,9.5,43.1,18.0,135.8,72.4,128.0,0.0,66.0,77.10000000000001,12.8,44.0,59.0,1.2,0.0,1.2,19.1,28.299999999999997,5.2,1.1,0.0,3.6,122.3,5.4,78.0,151.1,1997-08
9.5,110.30000000000001,45.7,22.2,57.699999999999996,22.5,395.9,212.3,256.6,0.0,8.9,171.4,7.1,188.2,96.3,1.5,0.0,13.6,2.6999999999999997,42.199999999999996,14.8,0.0,0.0,11.4,199.6,0.0,99.7,313.9,1997-09
112.0,210.0,110.9,108.3,91.5,191.7,85.19999999999999,138.6,44.1,1.0,158.6,248.6,83.2,100.7,162.20000000000002,103.3,22.700000000000003,15.1,133.2,138.4,99.8,133.2,2.6,185.3,119.3,158.2,197.6,104.9,1997-10
48.7,42.9,224.4,93.9,140.9,87.39999999999999,0.0,7.6,55.0,92.3,221.4,30.900000000000002,155.1,105.9,11.100000000000001,128.7,246.1,118.60000000000001,254.5,50.9,129.79999999999998,279.2,9.8,68.7,0.0,32.5,18.299999999999997,45.6,1997-11
64.5,53.0,91.8,38.2,47.5,54.699999999999996,0.0,10.1,0.0,433.6,132.8,13.7,209.5,40.5,11.3,238.3,372.4,194.6,163.3,65.1,60.0,184.0,223.8,37.4,0.0,46.3,0.0,0.0,1997-12
0.0,2.0,41.5,10.0,22.2,46.9,0.0,34.9,0.0,206.29999999999998,175.5,0.3,174.2,13.0,51.8,185.7,190.7,321.3,124.6,3.3,0.0,272.09999999999997,336.9,12.5,0.0,0.0,2.1,0.0,1998-01
8.7,32.8,169.3,8.8,57.5,5.9,0.0,15.2,59.7,73.3,64.3,47.0,168.8,26.3,26.6,209.5,351.8,92.0,112.1,0.0,3.4,59.400000000000006,191.2,7.6,3.1,12.600000000000001,10.4,1.2,1998-02
1.5,53.1,92.9,33.7,124.5,47.3,0.0,66.4,0.0,15.8,58.5,40.300000000000004,200.8,93.8,35.9,123.89999999999999,124.3,244.5,58.1,36.8,0.0,31.0,207.1,27.7,0.0,0.0,2.0,0.1,1998-03
25.200000000000003,31.900000000000002,74.6,21.3,130.5,70.1,52.3,127.9,90.8,100.6,142.0,155.2,163.0,108.5,267.4,198.3,160.70000000000002,90.3,162.3,0.0,2.8,113.6,66.5,134.6,34.2,12.0,207.5,86.19999999999999,1998-04
178.5,145.4,167.39999999999998,301.9,259.5,89.4,145.4,196.70000000000002,75.7,11.7,329.3,242.4,102.8,172.3,183.3,180.0,8.8,26.2,138.9,205.70000000000002,222.5,132.60000000000002,1.4,101.5,144.60000000000002,135.4,156.5,177.1,1998-05
35.9,80.5,132.29999999999998,221.6,271.7,223.6,47.099999999999994,207.1,186.5,0.0,109.89999999999999,113.3,17.7,214.9,188.7,26.2,0.0,3.4,58.7,262.2,75.0,0.5,0.0,107.7,86.0,60.9,205.8,238.2,1998-06
12.3,3.8,170.5,31.1,81.6,19.4,152.5,98.8,116.4,0.0,94.39999999999999,99.0,3.8,38.3,56.5,6.199999999999999,0.0,1.7,31.7,30.4,41.7,2.0,0.0,34.5,123.6,4.7,25.7,62.7,1998-07
0.5,32.8,110.30000000000001,12.8,60.5,30.5,282.7,195.7,165.0,0.0,77.30000000000001,80.60000000000001,2.1,43.2,75.6,0.30000000000000004,0.0,7.8,14.6,72.89999999999999,21.5,1.6,0.4,10.0,96.6,2.4000000000000004,57.7,212.8,1998-08
13.4,191.5,46.4,68.3,144.8,41.5,148.6,201.6,163.5,0.0,118.8,55.8,16.1,63.5,74.7,5.7,0.0,42.5,38.2,85.1,59.9,38.3,19.2,5.5,242.7,6.8999999999999995,174.4,355.0,1998-09
208.89999999999998,87.6,135.3,314.7,168.5,312.1,83.7,167.29999999999998,85.39999999999999,0.0,88.5,161.3,31.2,124.3,76.5,23.8,16.5,15.5,50.3,165.2,111.9,20.7,1.2,324.4,187.29999999999998,82.7,157.0,38.9,1998-10
14.1,151.2,159.6,71.6,100.6,152.20000000000002,0.0,20.4,6.8999999999999995,0.7,135.7,109.0,81.6,30.9,23.5,48.9,8.6,22.6,56.4,156.2,128.5,44.2,43.599999999999994,23.4,2.7,5.6,40.1,0.0,1998-11
14.6,24.4,38.2,15.8,46.7,130.29999999999998,0.0,16.799999999999997,0.3,7.0,23.6,36.099999999999994,99.3,12.399999999999999,31.7,46.3,76.6,85.39999999999999,7.2,1.3,40.5,0.8,29.2,41.800000000000004,16.2,11.7,13.5,1.4,1998-12
19.4,41.1,29.0,7.9,82.9,51.6,0.0,24.1,12.5,142.0,12.799999999999999,58.1,113.3,71.8,61.3,75.6,331.2,180.8,100.60000000000001,87.9,35.7,35.9,225.7,55.4,4.2,29.2,2.4,45.6,1999-01
38.6,22.1,16.6,43.2,47.8,50.1,8.9,42.7,25.1,49.9,4.1,48.7,56.2,46.0,25.9,48.7,124.6,169.4,7.2,36.5,34.7,15.8,191.7,25.499999999999996,12.2,83.2,37.2,10.600000000000001,1999-02
6.800000000000001,141.1,131.6,97.2,100.4,95.60000000000001,14.700000000000001,67.6,44.8,223.9,80.80000000000001,77.3,184.2,91.7,109.9,248.6,329.7,193.8,225.9,69.9,36.599999999999994,127.1,294.5,58.2,20.700000000000003,13.4,193.7,10.0,1999-03
47.1,109.9,155.5,89.9,116.9,145.5,29.299999999999997,160.2,142.6,73.10000000000001,90.2,179.3,167.1,255.5,217.0,255.2,169.70000000000002,242.20000000000002,188.7,76.5,56.1,93.89999999999999,175.9,218.1,81.3,55.7,192.5,62.8,1999-04
53.1,128.2,191.0,56.5,261.6,221.8,120.69999999999999,259.1,129.7,0.1,82.5,105.2,40.1,194.1,101.7,90.89999999999999,52.6,47.5,57.2,270.7,57.2,25.4,15.3,112.39999999999999,136.8,48.800000000000004,160.5,115.50000000000001,1999-05
327.29999999999995,279.3,319.5,302.6,284.6,538.2,96.89999999999999,272.7,149.8,0.0,77.5,374.4,4.5,249.8,217.9,20.599999999999998,2.5,31.5,19.200000000000003,357.0,462.5,26.5,0.0,192.0,146.0,169.3,111.0,157.7,1999-06
61.9,61.5,321.4,191.3,197.0,244.5,380.5,213.1,104.60000000000001,0.0,133.4,225.3,3.0,113.4,202.6,9.0,0.0,7.8,45.7,137.3,148.7,8.4,0.0,195.1,365.5,41.7,113.0,116.1,1999-07
19.4,13.4,153.8,144.0,216.6,49.5,233.5,127.60000000000001,243.4,0.0,116.89999999999999,96.6,12.4,157.7,114.1,6.9,4.9,2.1,49.9,63.7,67.3,24.6,2.0,103.10000000000001,200.4,5.2,105.8,174.70000000000002,1999-08
30.6,68.3,77.2,85.3,96.3,33.1,255.1,87.6,235.29999999999998,0.0,46.4,291.6,34.4,195.2,135.2,6.9,2.1,23.3,21.9,70.3,50.7,2.7,2.7,15.4,226.5,28.5,101.5,205.5,1999-09
26.799999999999997,69.2,159.6,75.2,89.7,189.0,78.2,201.6,73.7,0.0,73.9,207.70000000000002,48.6,175.6,204.3,32.400000000000006,3.1,1.1,62.2,193.89999999999998,67.8,5.7,2.8,58.7,187.0,29.700000000000003,188.3,196.8,1999-10
8.4,24.799999999999997,99.3,94.6,127.89999999999999,149.2,1.0,66.5,1.5,0.0,87.3,133.8,159.1,132.3,39.0,240.20000000000002,12.2,51.2,154.1,164.5,90.8,190.7,10.0,89.4,1.7,7.0,82.9,0.0,1999-11
2.4,8.1,0.4,6.7,14.7,117.9,0.0,0.0,0.0,114.8,71.9,0.5,177.7,0.0,0.0,129.5,144.7,83.5,90.2,0.0,14.0,25.4,121.30000000000001,20.5,0.0,3.5,0.0,0.0,1999-12
0.7,0.0,10.2,28.8,53.4,49.2,18.8,53.4,50.8,113.5,2.1,48.099999999999994,120.2,4.0,62.4,74.39999999999999,150.9,115.7,72.5,41.4,7.3,0.0,191.4,27.200000000000003,60.0,0.0,49.2,5.6,2000-01
0.0,2.7,10.0,25.8,68.80000000000001,12.499999999999998,0.0,0.0,0.0,87.1,0.0,10.6,79.8,19.7,7.2,50.2,179.6,60.3,33.3,15.8,3.9,0.4,162.7,0.0,0.0,0.0,0.0,0.0,2000-02
59.2,63.099999999999994,88.60000000000001,16.6,153.7,42.9,3.3,118.2,59.2,179.1,0.0,45.6,160.0,42.900000000000006,110.6,75.3,215.5,342.2,44.3,320.0,39.6,104.3,189.3,68.0,38.5,30.0,31.8,14.5,2000-03
28.2,71.0,52.5,142.0,98.80000000000001,148.1,99.3,98.4,65.1,26.0,47.9,187.70000000000002,119.2,78.4,206.2,113.0,66.1,75.1,91.4,107.3,80.1,64.8,120.60000000000001,145.1,46.0,39.2,153.20000000000002,105.19999999999999,2000-04
127.1,195.5,92.1,183.0,199.5,395.7,201.8,123.8,177.9,0.4,63.5,194.79999999999998,33.3,89.60000000000001,168.6,44.7,0.0,54.9,83.7,155.0,134.8,33.2,11.4,195.1,148.0,146.79999999999998,135.9,101.2,2000-05
116.4,146.1,216.2,152.6,210.4,422.4,136.7,209.6,139.3,0.0,93.3,116.3,3.4,238.6,373.2,22.6,0.0,24.4,24.2,233.7,198.5,40.7,1.0,296.3,238.29999999999998,67.7,294.0,139.4,2000-06
19.9,25.9,248.0,127.1,62.599999999999994,89.2,192.6,179.2,159.0,0.0,151.7,178.0,2.4,145.6,153.2,1.4,0.0,26.700000000000003,26.8,31.8,13.5,1.1,0.0,24.7,54.1,44.7,170.6,125.19999999999999,2000-07
12.4,101.7,85.7,49.699999999999996,60.5,51.5,285.6,123.9,182.8,0.0,85.9,84.39999999999999,1.8,147.6,65.3,8.0,0.0,16.6,37.8,109.0,17.9,40.7,3.1,34.1,119.10000000000001,4.2,73.6,376.3,2000-08
8.6,41.8,118.7,199.20000000000002,137.8,30.9,262.6,164.8,276.0,0.0,49.3,188.8,22.2,59.4,144.1,13.200000000000001,0.0,20.3,40.5,76.4,31.0,17.6,0.0,33.3,256.2,3.4,90.4,299.6,2000-09
36.800000000000004,144.8,66.3,114.5,113.5,58.9,73.4,171.5,92.0,0.0,83.1,105.1,86.9,200.7,119.89999999999999,25.0,16.9,10.1,88.1,78.4,109.3,2.1,0.0,42.099999999999994,64.3,39.9,138.6,95.4,2000-10
25.9,90.5,137.4,38.5,59.3,16.7,0.0,82.0,24.300000000000004,60.7,119.9,19.6,181.0,103.2,77.8,161.8,154.4,103.1,98.2,79.0,55.1,84.3,115.7,30.200000000000003,0.0,25.7,49.699999999999996,0.0,2000-11
77.0,7.1,11.4,25.200000000000003,16.799999999999997,107.0,0.0,4.9,0.0,275.2,20.3,41.800000000000004,174.7,5.3,0.0,136.1,252.60000000000002,142.4,132.1,20.2,64.7,26.4,243.5,152.20000000000002,0.0,15.3,0.0,0.0,2000-12
2.6,0.0,1.0,0.0,0.0,0.0,0.0,1.2,0.0,312.5,79.8,0.0,143.4,92.4,0.0,167.4,451.3,298.9,122.0,0.0,0.0,121.9,269.1,0.0,0.0,0.6,0.0,0.0,2001-01
0.0,27.6,0.4,2.7,16.7,38.7,0.0,41.5,0.0,45.4,8.1,28.0,99.0,68.1,21.5,59.0,106.5,155.6,42.3,84.39999999999999,47.7,14.4,118.5,40.0,0.0,0.0,0.0,0.0,2001-02
90.2,55.0,170.0,44.8,146.0,212.3,36.8,157.1,19.1,47.0,126.0,168.9,122.3,74.80000000000001,220.1,164.29999999999998,103.0,244.7,85.6,71.6,73.2,42.4,290.5,21.6,0.0,29.2,77.4,0.0,2001-03
140.5,118.30000000000001,169.7,58.9,233.0,142.8,10.7,0.0,145.0,85.39999999999999,197.1,90.7,149.20000000000002,165.7,163.0,119.60000000000001,95.6,124.80000000000001,102.2,124.9,109.5,127.0,52.4,174.89999999999998,131.39999999999998,168.79999999999998,137.6,59.2,2001-04
222.1,181.5,86.1,144.6,113.7,413.7,92.9,186.3,69.8,0.0,66.89999999999999,192.9,48.8,181.1,106.7,38.9,24.1,11.0,81.3,103.8,137.4,15.0,20.4,271.9,78.0,239.70000000000002,171.5,144.7,2001-05
246.7,225.0,270.2,140.9,168.0,343.4,138.5,198.5,203.6,0.0,89.8,166.4,3.0,351.7,149.7,9.7,0.0,0.0,29.3,284.8,232.79999999999998,62.6,0.0,206.39999999999998,95.9,138.20000000000002,152.4,151.4,2001-06
16.3,19.4,44.4,48.7,48.6,273.0,125.4,243.2,80.3,0.0,133.5,63.8,17.6,68.7,112.5,8.5,0.0,7.2,51.7,65.5,39.7,0.0,0.0,190.00000000000003,167.0,5.4,45.5,130.2,2001-07
3.6,2.8,23.299999999999997,1.6,37.9,30.5,296.8,65.1,94.2,0.0,96.1,96.7,7.3,31.6,48.6,7.7,0.0,9.9,66.5,20.0,18.4,0.0,0.0,19.9,121.5,11.399999999999999,46.4,254.60000000000002,2001-08
77.7,92.9,84.3,127.3,87.2,45.7,148.4,284.0,207.5,0.0,81.8,182.70000000000002,25.1,91.0,216.9,7.3,8.6,5.0,92.4,79.2,85.5,0.2,1.3,11.9,182.0,105.60000000000001,184.60000000000002,276.59999999999997,2001-09
20.7,106.4,212.1,106.2,156.8,133.5,92.0,85.7,47.900000000000006,0.0,60.3,77.4,105.7,80.4,112.9,35.1,32.6,56.4,108.8,98.3,53.2,0.0,0.0,106.5,15.5,5.1000000000000005,150.20000000000002,35.9,2001-10
29.799999999999997,102.5,135.8,89.8,72.7,195.20000000000002,4.1,10.6,37.0,0.0,194.7,5.8,146.29999999999998,101.4,15.5,167.5,33.3,12.8,117.3,88.3,92.0,45.7,10.4,50.400000000000006,0.0,30.7,20.400000000000002,0.0,2001-11
21.500000000000004,52.1,18.5,2.8,41.2,33.7,0.0,29.0,0.0,103.0,21.299999999999997,3.1,113.0,31.5,18.4,79.19999999999999,174.5,99.4,42.6,31.9,0.0,42.6,127.9,3.0,0.0,6.1,1.0,0.0,2001-12
112.5,30.5,13.4,78.3,12.700000000000001,130.29999999999998,0.0,16.1,0.0,255.8,35.5,60.6,160.3,31.4,1.6,154.6,191.5,361.3,107.1,153.0,39.3,67.7,360.0,13.7,0.0,39.7,5.2,0.0,2002-01
24.3,38.5,57.199999999999996,15.4,38.1,46.9,0.0,22.700000000000003,0.0,97.6,2.0,30.6,104.8,32.9,7.6,61.6,182.7,193.1,60.6,52.0,83.0,55.5,192.8,35.800000000000004,0.0,13.0,18.6,0.0,2002-02
38.3,45.7,122.5,25.0,179.9,43.2,5.6,134.6,31.9,71.3,117.2,125.7,168.8,102.7,99.69999999999999,176.4,152.0,332.3,148.8,51.00000000000001,13.3,88.8,298.0,17.3,2.0,9.6,111.69999999999999,53.8,2002-03
133.2,176.4,211.1,176.9,147.2,157.2,107.5,158.6,96.0,4.6,178.6,113.1,191.5,192.7,238.90000000000003,153.6,61.4,176.7,194.4,150.20000000000002,149.2,58.1,116.3,182.6,92.5,175.3,172.2,90.9,2002-04
138.7,219.5,207.1,80.5,86.4,159.0,36.1,158.3,145.7,2.5,145.6,107.1,67.9,129.20000000000002,204.6,97.2,0.0,4.0,143.7,107.7,133.6,4.800000000000001,1.7,181.5,122.6,76.8,190.9,105.8,2002-05
420.6,229.1,288.7,212.9,251.2,482.5,203.0,293.7,137.7,0.0,113.1,175.3,5.6,180.1,265.5,4.199999999999999,0.0,7.6000000000000005,13.3,259.0,212.8,0.0,2.0,307.6,122.30000000000001,293.5,195.60000000000002,156.2,2002-06
31.6,12.72,389.8,68.6,398.1,530.8,239.2,197.8,244.4,0.0,72.6,157.7,2.4,237.2,281.4,1.3,0.0,2.4,19.0,153.5,72.5,0.0,0.0,247.6,104.5,72.0,298.2,222.8,2002-07
6.7,13.0,82.89999999999999,20.7,158.79999999999998,278.6,228.6,234.1,252.70000000000002,0.0,87.3,167.2,4.3,114.5,75.8,13.799999999999999,0.0,40.8,36.1,107.49999999999999,40.3,28.9,0.0,67.39999999999999,266.6,6.199999999999999,49.5,241.9,2002-08
22.6,29.5,77.2,46.2,113.3,18.3,157.6,164.7,157.7,0.0,24.2,163.5,12.899999999999999,129.9,123.5,34.300000000000004,0.8,48.4,11.700000000000001,74.1,38.9,30.8,0.2,5.2,79.8,37.5,106.6,160.7,2002-09
60.4,125.7,267.8,121.89999999999999,187.7,252.4,66.0,164.2,68.8,1.5,144.29999999999998,164.9,45.9,180.7,319.1,188.0,3.2,4.5,102.0,179.2,101.6,171.0,1.1,88.69999999999999,131.3,108.4,195.3,62.4,2002-10
13.399999999999999,158.4,169.5,43.3,112.9,164.2,3.6,47.5,17.6,0.0,105.39999999999999,28.1,142.9,92.7,45.2,89.0,21.4,172.6,133.1,212.29999999999998,89.8,48.4,87.2,67.2,0.9,12.8,65.9,2.6,2002-11
7.7,0.0,36.5,3.2,30.5,47.1,0.0,14.8,0.0,187.5,168.0,6.699999999999999,123.7,30.4,5.4,249.2,153.9,245.60000000000002,201.8,73.8,10.0,114.0,198.3,6.8,0.0,0.1,7.0,0.0,2002-12
2.5999999999999996,32.6,18.1,54.900000000000006,15.5,63.900000000000006,0.0,35.8,0.0,90.4,15.799999999999999,34.7,140.9,15.299999999999999,32.9,74.8,247.7,141.29999999999998,26.5,19.2,22.4,8.5,160.3,37.3,17.5,1.0,14.3,0.0,2003-01
9.4,10.100000000000001,96.8,26.599999999999998,58.7,65.5,12.399999999999999,54.9,30.8,68.2,7.3999999999999995,71.5,102.0,53.3,74.5,53.6,111.2,111.7,30.1,39.699999999999996,26.4,65.9,226.1,40.0,10.4,3.8,101.1,17.7,2003-02
25.1,9.5,83.3,62.0,84.9,183.2,11.9,85.0,28.8,51.9,49.8,28.700000000000003,171.6,45.8,73.1,76.0,167.0,92.2,112.2,148.70000000000002,32.8,56.1,255.1,76.1,40.6,44.6,54.8,33.1,2003-03
215.0,3.0,123.39999999999999,140.29999999999998,305.0,380.1,60.9,260.7,124.3,7.7,161.9,178.3,173.6,153.9,129.5,71.1,43.5,51.8,157.5,122.0,173.6,31.3,67.2,192.2,123.5,134.1,196.9,120.19999999999999,2003-04
71.2,92.6,163.4,185.4,68.9,264.4,67.0,54.1,190.4,17.8,235.1,35.5,60.199999999999996,129.7,188.8,185.3,0.0,32.4,147.6,96.6,123.19999999999999,85.5,12.8,182.2,151.0,62.0,128.9,73.5,2003-05
302.0,139.1,118.89999999999999,150.7,206.9,428.1,213.5,216.3,235.1,0.0,107.3,324.9,7.0,194.0,254.6,8.1,0.0,0.0,39.8,101.0,105.0,11.6,0.9,39.2,206.7,309.4,208.1,201.4,2003-06
36.800000000000004,33.9,51.0,142.6,105.9,85.1,152.9,117.0,49.6,0.0,90.8,109.9,1.8,109.3,95.3,1.2,3.4,0.0,35.2,86.80000000000001,86.3,0.0,0.0,6.5,130.0,52.2,108.2,249.5,2003-07
25.900000000000002,4.2,65.10000000000001,5.4,30.599999999999998,17.799999999999997,314.8,120.2,128.9,0.0,181.79999999999998,10.6,7.7,78.0,26.8,10.100000000000001,0.0,2.4,53.4,33.1,36.7,1.8,0.0,18.6,289.0,8.4,67.9,197.39999999999998,2003-08
39.8,100.3,46.300000000000004,58.1,139.9,61.9,169.1,181.6,304.09999999999997,0.0,100.7,190.8,21.000000000000004,49.9,99.5,19.6,0.0,1.5,23.099999999999998,60.1,89.6,0.0,0.0,11.3,215.3,21.6,232.6,613.5,2003-09
102.6,229.79999999999998,234.2,92.2,324.5,237.0,72.4,199.29999999999998,102.3,76.2,108.6,168.1,57.5,242.5,180.1,34.3,16.6,2.3000000000000003,27.5,303.1,126.4,1.5,0.0,234.8,69.8,31.1,161.1,98.3,2003-10
41.1,94.4,129.3,40.0,137.3,192.20000000000002,3.6,167.1,56.00000000000001,0.6,90.19999999999999,49.5,84.0,75.7,163.2,68.8,24.2,6.5,59.8,162.1,76.7,38.400000000000006,23.0,30.1,15.5,26.6,96.7,2.4,2003-11
15.5,68.89999999999999,54.900000000000006,14.700000000000001,25.0,20.2,0.0,33.0,1.0,172.8,68.5,86.9,105.89999999999999,21.0,30.9,74.8,162.3,73.2,83.5,10.6,18.2,23.5,217.7,9.600000000000001,0.0,23.599999999999998,25.799999999999997,0.0,2003-12
14.700000000000001,54.3,43.0,3.0,37.8,89.8,30.5,42.5,1.4,104.4,80.80000000000001,3.9000000000000004,153.6,11.2,25.799999999999997,138.7,175.5,142.1,84.4,37.6,28.6,90.1,218.5,59.3,14.5,6.5,30.1,30.0,2004-01
17.700000000000003,28.2,92.1,70.2,54.0,110.0,6.3,28.500000000000004,8.1,100.7,5.6,28.0,112.3,73.8,70.8,150.8,144.0,221.5,37.8,29.8,37.2,45.9,214.4,77.2,0.8,11.0,28.3,0.2,2004-02
5.300000000000001,77.7,156.2,92.2,136.6,30.5,27.7,122.1,118.2,146.1,56.2,88.3,138.5,92.0,164.3,120.8,110.0,141.5,81.3,91.10000000000001,85.2,80.4,160.6,96.2,34.1,13.8,15.5,49.8,2004-03
26.4,66.1,97.8,36.8,108.0,71.8,82.9,81.60000000000001,148.5,56.9,217.3,119.80000000000001,136.5,59.8,100.7,189.4,134.3,152.4,166.8,60.5,40.0,47.8,128.2,14.0,67.2,27.099999999999998,304.8,134.6,2004-04
121.5,230.4,204.9,161.8,132.0,137.3,124.9,119.5,173.4,0.0,77.5,257.5,37.2,132.29999999999998,72.3,48.0,0.0,25.4,73.8,145.1,123.4,1.1,0.0,189.39999999999998,133.2,91.8,86.8,116.1,2004-05
116.1,92.7,58.8,170.8,132.2,345.7,115.6,100.3,75.7,0.0,73.3,116.19999999999999,7.1,184.9,41.1,15.6,0.0,24.3,38.1,138.0,64.5,5.8999999999999995,1.6,132.3,147.0,55.699999999999996,63.4,194.0,2004-06
38.6,13.100000000000001,92.3,62.800000000000004,110.2,239.7,177.6,266.0,162.0,0.0,127.8,120.0,1.7,51.0,229.39999999999998,1.3,0.0,1.2,20.3,47.1,62.4,3.7,0.0,98.9,209.3,16.099999999999998,116.69999999999999,245.3,2004-07
18.4,85.6,76.69999999999999,40.9,34.6,22.900000000000002,450.2,107.1,268.4,0.0,72.39999999999999,41.6,4.6,54.4,115.0,1.6,0.0,36.4,35.5,52.6,58.0,2.4,0.0,15.2,264.8,31.9,173.5,395.4,2004-08
100.2,217.2,231.8,151.20000000000002,278.3,222.9,295.0,249.70000000000002,110.8,0.0,57.800000000000004,454.2,29.2,261.1,243.5,10.0,8.0,8.3,49.9,227.3,220.5,2.5,0.0,135.8,149.1,73.60000000000001,202.0,284.20000000000005,2004-09
87.5,82.4,306.90000000000003,28.8,136.1,229.4,61.0,106.4,95.8,0.0,96.6,125.8,69.3,119.5,232.4,72.6,7.4,106.10000000000001,65.0,164.89999999999998,92.2,29.7,2.7,251.20000000000002,33.9,55.5,187.9,32.3,2004-10
22.6,122.0,157.3,98.8,105.3,183.7,21.2,85.8,54.0,90.4,70.3,83.80000000000001,107.3,97.80000000000001,43.5,72.4,38.5,191.0,113.2,66.4,81.9,70.7,125.0,24.5,48.1,24.0,128.7,51.5,2004-11
4.8,23.1,82.0,68.8,78.4,135.9,0.1,13.2,21.1,189.1,43.1,29.400000000000002,135.0,82.4,76.49999999999999,110.2,286.9,435.1,78.9,4.4,33.7,50.6,246.4,13.2,0.0,0.0,12.0,0.0,2004-12
0.0,0.0,3.2,0.8,2.0,69.3,0.0,26.8,0.0,26.7,16.0,41.2,165.8,0.9,12.5,120.5,163.9,187.1,106.60000000000001,22.9,55.800000000000004,31.7,152.5,0.2,0.2,4.4,61.1,5.7,2005-01
7.199999999999999,11.5,122.8,10.5,68.3,90.0,0.0,38.300000000000004,4.7,58.099999999999994,0.3,43.5,58.199999999999996,38.7,48.9,69.0,127.8,50.800000000000004,36.5,42.8,8.5,0.0,112.0,55.4,14.2,2.0,6.1,28.1,2005-02
127.0,109.0,158.2,121.80000000000001,178.0,193.9,3.0,151.2,18.099999999999998,135.5,29.5,173.6,125.9,140.8,84.2,150.6,132.6,224.5,168.8,140.70000000000002,83.0,44.5,257.7,136.7,69.9,184.49999999999997,67.1,19.4,2005-03
32.3,59.4,125.1,53.1,78.19999999999999,271.5,177.4,29.099999999999998,95.7,17.2,97.39999999999999,151.2,143.6,55.4,146.4,201.4,54.8,107.80000000000001,136.7,35.8,17.0,80.1,51.9,50.400000000000006,138.5,24.6,158.5,142.0,2005-04
109.0,147.7,70.3,81.1,161.8,518.8,86.4,195.70000000000002,169.9,0.0,249.6,65.3,56.300000000000004,173.3,272.1,71.2,0.0,116.30000000000001,125.10000000000001,81.2,168.2,22.8,38.0,269.70000000000005,81.2,94.1,231.5,129.4,2005-05
167.2,158.29999999999998,210.1,93.7,126.9,290.8,196.4,119.6,159.8,0.0,98.2,117.9,4.3,72.8,121.3,5.7,0.0,2.6,23.0,214.6,127.10000000000001,0.0,6.1,103.0,109.1,147.1,128.8,219.6,2005-06
46.5,73.0,45.2,76.7,10.5,23.5,119.2,125.7,186.8,0.0,64.9,71.9,1.8,23.8,18.3,1.3,0.0,0.1,28.7,47.800000000000004,32.5,0.0,0.0,3.3,340.2,44.900000000000006,133.2,246.1,2005-07
27.7,7.9,35.0,21.8,27.7,15.8,169.1,106.2,116.2,0.0,148.6,43.8,10.899999999999999,59.9,36.699999999999996,17.2,0.0,0.0,36.2,57.7,48.300000000000004,11.7,0.0,4.8,88.10000000000001,1.4,49.5,114.7,2005-08
28.0,64.2,86.7,70.7,49.1,74.8,258.7,157.0,239.0,0.0,122.6,150.1,28.2,106.3,174.1,10.5,0.0,15.1,49.7,52.3,77.1,10.8,0.0,37.0,190.7,22.7,114.8,300.0,2005-09
91.0,121.8,162.8,173.7,198.3,297.3,44.9,153.6,151.6,36.0,134.8,185.6,45.7,133.0,236.9,46.8,2.2,8.8,66.3,110.9,124.3,42.1,0.6,190.9,69.5,43.599999999999994,248.1,120.0,2005-10
85.5,34.4,123.5,121.2,107.1,87.2,1.0,64.9,0.0,10.5,32.7,51.3,131.2,78.8,49.800000000000004,51.099999999999994,47.1,1.4,95.4,127.60000000000001,130.6,15.799999999999999,0.0,41.3,0.0,41.300000000000004,80.0,0.0,2005-11
56.2,4.800000000000001,31.7,53.9,79.0,48.0,0.0,18.3,55.0,45.699999999999996,30.6,53.3,72.4,59.3,29.8,86.3,112.9,39.6,47.0,14.0,26.2,5.8,97.3,26.2,40.9,0.2,51.5,0.0,2005-12
8.700000000000001,2.9,68.2,2.4,67.39999999999999,0.3,0.0,45.3,3.9,35.4,6.1,78.4,179.0,72.8,111.1,73.8,199.4,109.2,42.4,8.700000000000001,27.400000000000002,19.2,140.0,4.3,0.0,0.0,9.4,1.2,2006-01
6.0,11.399999999999999,114.8,31.5,92.0,2.3,12.2,61.2,15.4,123.7,39.8,60.9,123.0,92.4,98.39999999999999,84.0,94.60000000000001,168.5,71.4,100.8,45.6,36.7,170.9,6.8,22.9,0.0,45.6,7.1,2006-02
25.8,168.3,128.3,96.1,143.0,47.8,27.4,114.1,23.5,182.3,100.7,110.5,115.8,190.89999999999998,112.8,159.4,114.0,251.4,163.3,47.6,50.1,207.0,177.7,11.2,19.1,34.6,86.1,2.1,2006-03
37.0,75.60000000000001,132.1,71.2,151.8,92.7,87.8,119.0,170.70000000000002,20.3,136.3,60.699999999999996,192.9,150.60000000000002,66.9,145.9,160.7,256.9,125.8,58.199999999999996,81.5,202.0,194.60000000000002,22.599999999999998,58.5,17.5,139.5,96.4,2006-04
236.6,522.2,249.0,245.6,393.0,232.7,175.6,218.5,156.2,1.2,130.7,234.7,94.10000000000001,246.5,187.3,101.3,60.5,63.0,162.3,235.1,189.1,35.4,2.1,360.4,138.0,208.9,174.8,164.9,2006-05
118.1,120.80000000000001,97.6,91.1,230.70000000000002,382.7,167.7,328.1,121.3,5.5,67.3,289.2,4.9,258.1,145.4,5.8,0.0,12.9,29.1,312.8,81.6,7.699999999999999,0.0,228.39999999999998,87.89999999999999,167.5,119.7,140.6,2006-06
42.1,11.600000000000001,79.4,6.6,123.1,95.6,180.7,151.5,178.9,0.0,59.199999999999996,30.2,4.6000000000000005,44.3,66.7,1.2,0.0,47.4,41.4,47.7,45.5,10.899999999999999,3.3,132.2,156.10000000000002,28.1,50.7,143.5,2006-07
16.1,17.1,40.900000000000006,10.2,33.0,17.5,243.5,81.9,167.8,0.0,137.79999999999998,12.9,4.9,26.4,65.2,3.7,0.0,55.0,55.3,24.0,9.9,0.8999999999999999,2.4,30.900000000000002,211.2,6.3,51.199999999999996,71.1,2006-08
71.1,128.0,163.0,136.9,229.6,89.3,197.2,296.2,134.6,2.2,65.7,89.1,17.7,192.2,111.39999999999999,17.3,0.0,7.1000000000000005,50.099999999999994,146.3,126.0,42.6,0.7,84.2,151.2,100.8,195.7,233.5,2006-09
75.6,156.0,166.6,104.0,171.4,195.4,78.5,161.2,134.9,1.4,51.199999999999996,154.5,42.8,171.39999999999998,158.4,66.2,17.8,51.5,68.10000000000001,193.0,89.0,118.8,0.0,252.3,124.3,111.4,299.1,68.3,2006-10
11.2,2.1,91.89999999999999,33.699999999999996,89.6,153.7,0.0,97.1,1.1,55.5,149.4,35.599999999999994,186.79999999999998,68.1,32.5,173.9,74.10000000000001,61.99999999999999,245.0,62.1,85.89999999999999,168.2,92.2,45.8,1.5,0.0,23.8,0.0,2006-11
0.1,0.8,11.9,27.6,39.0,97.80000000000001,0.0,29.1,0.0,127.2,161.6,5.0,205.4,20.8,3.7,185.7,319.6,310.8,156.1,62.3,61.0,169.8,390.1,10.4,0.0,0.0,0.0,0.1,2006-12
0.0,0.0,0.0,0.0,4.5,2.2,0.0,0.0,0.0,264.9,42.199999999999996,2.2,120.5,45.699999999999996,0.2,114.7,240.20000000000002,50.8,114.3,0.0,0.0,14.6,301.8,0.2,0.0,0.0,11.2,0.0,2007-01
17.4,8.9,5.1,42.9,33.4,55.8,0.0,38.300000000000004,0.0,271.5,71.8,38.9,83.6,50.2,16.9,117.80000000000001,140.5,232.0,79.1,48.9,0.0,33.4,229.0,7.8999999999999995,0.0,1.2,24.4,0.0,2007-02
62.5,20.2,36.2,116.3,128.8,43.5,5.1,77.4,3.3000000000000003,182.3,51.3,122.1,111.5,103.3,56.2,122.80000000000001,141.6,122.80000000000001,114.2,139.39999999999998,48.0,47.0,211.4,83.2,29.1,66.8,62.8,50.7,2007-03
84.4,261.3,214.4,142.4,137.7,124.89999999999999,166.4,195.79999999999998,171.20000000000002,4.4,150.6,199.7,156.3,119.2,310.9,88.2,70.1,193.3,126.5,188.8,105.5,49.8,69.3,102.9,82.8,99.7,12.0,158.3,2007-04
145.7,128.7,123.6,113.6,175.0,125.4,99.3,122.0,79.8,0.3,88.2,128.1,81.2,96.5,164.2,56.1,12.200000000000001,29.8,99.9,150.7,54.6,94.2,22.7,125.0,137.4,124.99999999999999,166.2,96.3,2007-05
166.0,181.0,99.9,117.4,102.89999999999999,929.1999999999999,61.5,335.9,65.4,0.0,185.0,262.2,13.2,170.0,176.0,13.8,8.0,3.3000000000000003,39.5,140.29999999999998,103.0,6.3,0.0,197.2,85.0,260.1,147.2,118.2,2007-06
117.9,70.19999999999999,100.0,172.2,215.7,492.9,195.2,211.6,121.2,0.0,62.199999999999996,176.1,15.8,192.1,192.9,3.7,0.0,12.0,49.300000000000004,137.6,101.5,1.1,1.9,255.0,160.29999999999998,243.5,130.79999999999998,125.0,2007-07
70.1,82.9,52.4,25.3,122.4,72.0,23.3,264.4,245.6,0.4,115.8,71.4,6.7,97.0,117.7,13.5,0.8,17.1,57.4,96.1,97.2,43.3,1.0,60.7,204.6,38.1,140.3,237.1,2007-08
89.1,29.5,171.20000000000002,184.1,269.5,95.6,126.2,417.4,184.6,0.0,170.29999999999998,256.2,19.0,125.2,534.5,14.2,0.0,20.5,113.7,156.2,58.6,0.1,1.1,161.9,278.9,38.4,228.4,247.4,2007-09
66.1,93.3,212.1,125.7,366.7,268.0,23.8,188.0,86.7,0.0,45.0,162.0,59.8,188.5,153.9,35.3,17.7,41.2,51.2,201.0,160.20000000000002,49.5,43.0,210.6,68.5,115.2,231.9,113.9,2007-10
44.400000000000006,43.800000000000004,72.10000000000001,59.0,105.8,44.8,2.3,82.1,17.3,7.5,23.7,72.0,146.4,64.1,51.699999999999996,63.6,11.0,13.5,91.1,83.0,47.8,22.3,13.6,33.1,0.0,52.0,65.89999999999999,0.4,2007-11
4.0,103.89999999999999,62.3,0.5,11.5,76.9,0.7000000000000001,6.5,0.0,132.4,6.4,0.2,114.7,2.1,19.8,118.3,209.1,17.7,96.30000000000001,7.4,17.0,52.7,285.4,11.9,0.0,3.0,7.3,10.8,2007-12
2.4,13.6,0.5,0.0,0.5,3.9000000000000004,0.0,0.0,0.0,44.5,19.799999999999997,0.0,195.8,6.199999999999999,0.0,70.9,197.7,200.4,64.3,33.300000000000004,0.0,15.5,222.1,28.7,0.0,5.2,0.0,0.0,2008-01
0.0,0.0,82.0,9.1,51.1,48.0,0.0,50.6,0.0,159.5,19.4,59.800000000000004,177.2,14.7,53.7,91.10000000000001,187.0,234.7,54.7,31.400000000000002,5.0,63.2,298.6,1.6,0.0,0.0,0.0,0.0,2008-02
53.1,50.5,114.1,79.8,136.3,89.8,197.4,248.8,134.2,186.2,129.7,146.1,135.3,100.3,97.4,206.7,169.0,200.20000000000002,190.20000000000002,104.7,91.6,399.0,168.8,41.9,30.5,89.5,126.7,74.0,2008-03
205.6,110.6,132.1,172.6,180.9,129.2,73.3,202.50000000000003,85.0,9.3,91.39999999999999,128.9,157.3,171.5,132.0,156.6,76.7,156.0,73.4,138.4,127.69999999999999,56.2,58.50000000000001,104.0,94.5,58.400000000000006,121.2,18.2,2008-04
395.3,179.4,184.7,147.5,184.3,356.6,130.3,315.0,76.5,0.0,61.5,143.5,36.8,277.6,239.6,30.5,25.2,35.8,58.199999999999996,184.1,256.90000000000003,31.1,14.8,220.1,116.9,139.8,85.3,147.5,2008-05
112.6,206.79999999999998,168.2,136.6,198.4,375.7,352.0,275.9,128.6,0.0,40.5,239.0,14.8,167.4,286.7,6.9,0.0,21.5,27.5,128.39999999999998,122.2,2.3,0.0,352.0,140.8,77.60000000000001,75.1,233.4,2008-06
131.2,58.7,131.0,154.5,156.29999999999998,140.0,609.2,212.1,58.6,0.0,183.2,196.5,2.3,143.6,131.1,0.5,0.0,2.9000000000000004,39.3,132.4,88.3,1.1,0.0,107.7,148.8,119.4,134.1,212.20000000000002,2008-07
29.2,33.9,104.4,15.2,170.2,17.3,712.6,221.9,185.20000000000002,0.0,97.0,217.1,4.3,210.7,192.6,0.2,0.0,0.4,25.8,199.4,123.70000000000002,1.0,5.1,34.9,334.59999999999997,31.7,154.4,276.9,2008-08
29.4,152.5,146.1,90.6,90.3,118.5,430.8,321.8,268.4,0.0,77.5,138.6,23.1,61.0,170.70000000000002,17.1,0.0,10.3,55.4,80.4,20.0,25.7,0.0,54.800000000000004,245.0,21.7,245.9,298.0,2008-09
61.2,83.2,325.1,77.5,133.4,97.2,105.4,213.6,152.7,0.0,128.4,201.10000000000002,72.10000000000001,117.2,75.1,66.1,8.2,149.5,164.9,68.8,44.900000000000006,3.6,1.3,58.6,82.8,43.9,290.3,140.0,2008-10
118.3,53.5,107.0,62.9,95.60000000000001,163.1,10.1,11.3,0.0,43.900000000000006,121.8,19.7,156.0,23.7,18.3,93.39999999999999,74.3,45.6,116.7,220.1,52.2,56.7,73.60000000000001,102.9,1.8,29.9,38.4,3.1,2008-11
126.4,14.1,91.7,45.6,60.9,26.8,84.4,31.3,0.0,103.7,7.6,61.2,121.9,87.6,54.8,78.1,164.7,72.2,30.2,69.80000000000001,42.099999999999994,7.3999999999999995,162.8,52.300000000000004,0.0,44.6,1.6,0.0,2008-12
4.9,5.3,3.0,15.2,9.4,41.2,0.0,11.2,0.0,100.7,31.700000000000003,0.0,119.2,19.5,0.0,106.5,242.2,14.799999999999999,95.19999999999999,14.4,39.2,67.19999999999999,202.29999999999998,12.6,0.0,0.0,0.0,0.0,2009-01
15.0,43.8,89.7,21.8,59.3,11.8,38.7,76.7,84.89999999999999,117.0,1.7,53.599999999999994,140.8,151.20000000000002,131.4,84.3,187.7,332.0,46.0,40.3,14.7,24.799999999999997,195.7,5.5,3.1,45.2,26.5,2.5,2009-02
78.6,18.5,50.0,113.3,118.89999999999999,20.8,21.8,100.2,63.4,79.80000000000001,2.6,99.69999999999999,166.8,169.1,110.6,73.60000000000001,172.8,173.3,65.6,122.2,105.89999999999999,12.5,204.4,23.0,21.299999999999997,5.4,172.29999999999998,49.6,2009-03
111.8,159.3,164.4,159.8,150.1,121.7,3.6,147.7,64.6,98.0,85.7,41.9,212.70000000000002,106.6,139.8,147.9,25.8,65.5,182.0,122.80000000000001,67.5,24.7,53.2,104.7,122.6,104.7,126.2,221.6,2009-04
72.5,133.2,215.4,130.3,171.79999999999998,329.8,95.7,99.1,133.0,0.0,96.4,119.9,58.9,218.5,164.6,53.400000000000006,10.7,56.4,132.2,182.8,90.9,14.1,0.3,201.4,105.7,66.3,169.29999999999998,120.69999999999999,2009-05
205.7,320.9,185.5,143.5,222.1,599.7,172.7,393.2,162.6,0.0,41.0,224.0,6.5,153.1,376.7,10.3,0.0,0.0,17.2,147.8,204.7,9.8,0.0,408.3,97.3,289.9,123.5,143.9,2009-06
105.5,36.6,205.10000000000002,46.400000000000006,97.4,402.0,121.6,241.6,202.8,0.0,21.1,92.0,11.9,42.800000000000004,273.5,3.0999999999999996,0.0,0.0,26.4,45.4,67.5,2.2,0.0,175.1,240.7,48.1,158.0,241.7,2009-07
10.3,24.500000000000004,36.3,77.0,51.9,17.3,272.6,90.6,175.5,0.0,111.1,158.3,4.5,57.6,17.6,2.1,0.0,7.8999999999999995,7.9,52.7,44.3,0.7,0.0,29.7,214.3,10.100000000000001,65.3,215.4,2009-08
4.0,23.3,88.6,50.7,26.6,11.4,236.6,152.9,157.4,0.0,57.6,82.8,19.2,83.4,99.3,8.3,0.0,0.6,78.1,103.7,12.600000000000001,0.0,0.0,10.3,189.7,8.1,102.39999999999999,265.2,2009-09
2.6,51.800000000000004,109.1,88.1,125.2,41.3,98.2,163.29999999999998,82.2,0.0,70.4,170.6,71.8,213.9,138.6,80.5,7.2,40.2,134.4,101.4,40.3,51.7,0.3,78.6,108.60000000000001,21.8,153.2,228.7,2009-10
0.0,88.5,63.1,88.60000000000001,107.0,101.3,4.3,63.1,0.5,36.0,144.5,25.4,87.2,43.9,45.2,104.8,105.39999999999999,33.3,107.2,77.8,87.8,107.80000000000001,91.2,19.4,0.0,0.0,75.2,1.3,2009-11
45.3,16.3,34.8,22.2,56.8,42.6,0.0,0.0,8.3,336.9,135.79999999999998,38.4,122.4,36.300000000000004,33.4,179.3,160.70000000000002,75.6,148.20000000000002,24.9,26.7,67.2,132.3,42.4,0.0,34.4,28.7,0.0,2009-12
30.5,21.7,94.4,68.89999999999999,64.3,94.0,0.0,25.5,0.0,104.0,84.8,27.900000000000002,82.3,47.4,14.700000000000001,127.39999999999999,151.1,168.2,83.6,48.0,69.9,95.0,326.1,27.6,0.0,11.6,0.0,0.0,2010-01
75.3,43.7,29.5,42.7,63.6,32.0,8.8,116.6,8.1,122.5,88.5,145.9,157.5,153.10000000000002,52.7,72.8,123.89999999999999,310.1,114.39999999999999,13.0,148.6,33.3,230.9,25.23,0.0,74.8,43.0,15.5,2010-02
32.6,66.7,180.7,144.4,104.8,128.7,0.0,100.3,33.3,39.4,196.7,85.4,97.9,82.80000000000001,52.6,128.8,239.1,203.3,169.2,50.2,55.2,149.0,151.1,44.1,26.8,60.9,74.60000000000001,19.3,2010-03
16.4,71.6,175.8,96.47,111.4,270.0,58.199999999999996,97.2,135.39999999999998,4.9,144.4,199.20000000000002,97.8,139.9,77.3,76.5,37.800000000000004,339.0,166.2,118.2,88.6,115.7,67.0,169.70000000000002,11.8,41.2,215.4,205.0,2010-04
108.5,38.400000000000006,266.0,116.3,173.60000000000002,428.40000000000003,127.7,103.2,76.10000000000001,0.2,190.6,108.4,99.4,149.9,108.9,44.1,14.7,95.60000000000001,100.89999999999999,93.7,125.2,43.2,15.4,296.8,4.2,117.1,150.0,43.0,2010-05
295.0,77.2,279.0,73.5,217.9,463.2,82.6,106.3,268.2,0.0,55.3,186.70000000000002,7.1,34.8,225.79999999999998,3.1,1.0,12.3,35.2,300.7,216.7,3.9,2.3,320.1,199.3,276.3,183.3,219.2,2010-06
88.19999999999999,17.4,34.7,40.2,142.70000000000002,54.3,221.0,222.79999999999998,60.3,0.0,95.89999999999999,58.8,3.0,63.1,83.3,0.30000000000000004,0.0,1.8,37.5,68.8,15.0,0.6,0.0,44.099999999999994,107.6,73.9,263.1,180.8,2010-07
26.900000000000002,67.3,123.0,34.2,117.1,57.8,286.9,106.3,239.5,0.0,219.7,38.4,0.1,122.1,113.1,1.8,0.0,2.0,10.2,95.4,97.0,0.0,1.4,68.60000000000001,287.2,28.5,72.6,300.6,2010-08
54.0,131.7,137.3,172.79999999999998,156.7,120.5,179.3,357.3,254.6,0.0,149.3,227.0,22.0,183.5,165.9,11.4,0.0,0.9,76.9,177.8,225.5,4.0,0.0,116.0,255.0,93.2,250.70000000000002,290.5,2010-09
79.7,127.2,240.5,160.1,400.1,378.4,40.3,241.7,344.7,0.0,204.4,201.5,79.2,182.5,184.0,31.3,0.0,4.5,98.3,275.9,98.3,1.4,2.1,167.70000000000002,184.4,63.9,233.7,157.4,2010-10
59.2,113.4,89.2,118.5,149.2,293.7,0.0,189.9,4.3,6.199999999999999,67.6,39.2,80.6,64.5,80.9,140.5,17.6,6.9,110.7,85.1,178.4,32.1,0.3,133.0,0.8,93.2,54.0,0.3,2010-11
57.7,5.9,95.39999999999999,48.4,64.3,179.0,0.0,49.3,0.0,117.4,16.6,6.0,176.7,13.2,38.3,130.6,93.1,86.2,80.8,34.8,9.6,34.7,159.0,21.2,0.0,11.7,8.6,0.0,2010-12
